"Model.Year","Type","MPG","Weight","Horsepower","Acceleration","CO2"
2008,"Van",20.39302,4500,241.8963,8.9064,435.7864
2009,"Van",20.3944,4835.321,241.9881,9.0603,435.75695
2010,"Van",20.17616,4840.431,244,9.1116,440.47034
2011,"Van",22.3059,4500,248,8.6086,398.41478
2012,"Van",22.32039,4500,248,8.6058,398.15607
2013,"Van",22.29368,4500,248,8.6132,398.63318
2014,"Van",23.05197,4500,248,8.4094,385.52027
2015,"Van",23.05197,4500,248,8.4094,385.52027
2016,"Van",23.05197,4500,248,8.4094,385.52027
2017,"Van",23.19172,4500,248,8.4094,383.19714
2018,"Van",23.2695,4598.444,280,7.1581,381.91631
2019,"Van",23.2303,4574.966,280,7.1601,382.56065
2020,"Van",23.61242,4568.292,280,6.9884,376.3697
2021,"Van",23.62744,4534.28,280,6.9597,376.13041
2006,"Truck",17.19925,4500,247,8.6482,516.70852
2007,"Truck",17.19925,4500,247,8.7229,516.70852
2008,"Truck",17.19925,4500,247,8.777,516.70852
2009,"Truck",17.63814,4500,250,8.5157,503.8514
2010,"Truck",17.63814,4500,250,8.6041,503.8514
2011,"Truck",17.67944,4500,250,8.6041,502.67444
2012,"Truck",18.1226,5000,250,9.1289,490.38203
2013,"Truck",18.1226,5000,250,9.1289,490.38203
2014,"Truck",18.1226,5000,250,9.1289,490.38203
2017,"Truck",21.80855,4500,280,7.7488,407.50081
2018,"Truck",21.75753,4500,280,7.7598,408.45621
2019,"Truck",21.74734,4500,280,7.762,408.64771
2020,"Truck",21.26813,4500,280,7.1209,417.85534
2021,"Truck",20.9542,4500,280,7.1276,424.11536
1978,"Sedan",28.62626,2125.731,63.1319,14.7906,310.44924
1979,"Sedan",24.66368,2307.891,64.2446,17.1348,360.32744
1980,"Sedan",24.79906,2330,67.9808,17.0027,358.36033
1981,"Sedan",26.15433,2342.626,71.1884,16.0922,339.79073
1982,"Sedan",28.39751,2353.727,71.4724,17.1976,312.94997
1983,"Sedan",29.98847,2379.661,73.5538,15.6151,296.34727
1984,"Sedan",29.94806,2379.815,84.3079,14.0604,296.74706
1985,"Sedan",28.75468,2432.427,84.4769,14.0765,309.06269
1986,"Sedan",28.4728,2564.539,89.8552,13.6089,312.12245
1987,"Sedan",27.73391,2632.956,92.9923,13.9494,320.438
1988,"Sedan",26.74169,2769.748,105.2522,13.1202,332.32755
1989,"Sedan",26.2212,2800.162,110.2078,12.177,338.92423
1990,"Sedan",25.37107,2884.394,121.2141,10.9125,350.28084
1991,"Sedan",25.19746,2913.081,129.5877,10.7296,352.69432
1992,"Sedan",25.68212,3015.46,135.356,10.3288,346.03842
1993,"Sedan",26.53964,2976.768,124.7867,10.1409,334.85759
1994,"Sedan",26.37045,3054.783,133.249,9.7561,337.00606
1995,"Sedan",26.81107,2995.338,130.4891,10.0609,331.46751
1996,"Sedan",25.96669,3046.204,134.3582,10.3923,342.24622
1997,"Sedan",26.09754,3018.855,133.0052,10.4243,340.5302
1998,"Sedan",25.9062,3172.762,144.3601,10.541,343.04531
1999,"Sedan",25.02894,3220.668,152.7543,10.2626,355.06899
2000,"Sedan",25.00455,3195.265,153.3492,9.7629,355.41533
2001,"Sedan",25.85427,3189.344,153.7708,9.5701,343.7343
2002,"Sedan",25.52911,3218.483,156.5542,9.6315,348.11239
2003,"Sedan",26.10129,3283.024,169.6353,9.1519,340.48132
2004,"Sedan",26.00345,3295.737,171.0743,9.1601,341.76231
2005,"Sedan",26.00413,3307.731,173.5283,9.0084,341.75334
2006,"Sedan",26.48938,3335.618,177.6318,8.8022,335.49294
2007,"Sedan",26.74146,3288.903,170.6646,9.0727,332.33042
2008,"Sedan",27.07515,3333.642,175.4167,9.0639,328.23462
2009,"Sedan",27.33071,3303.046,172.4959,8.9661,325.16536
2010,"Sedan",27.99712,3297.86,174.0763,8.9572,317.42429
2011,"Sedan",28.31514,3321.65,170.0935,9.0818,313.85371
2012,"Sedan",29.4326,3269.377,168.1475,9.1056,301.94406
2013,"Sedan",30.76187,3257.285,170.4725,8.8904,288.85574
2014,"Sedan",30.96361,3356.555,179.9153,8.4547,286.94874
2015,"Sedan",31.63325,3275.985,172.7301,8.5388,280.93861
2016,"Sedan",32.59349,3249.817,179.105,8.261,272.66184
2017,"Sedan",32.84207,3302.874,177.7774,8.2701,270.34746
2018,"Sedan",33.63993,3301.088,178.3603,8.1131,262.60463
2019,"Sedan",33.43682,3250.731,170.9308,8.2412,265.2039
2020,"Sedan",33.2259,3259.901,174.7696,8.1955,267.18108
2021,"Sedan",32.38007,3335.934,180.8856,8.0252,274.13842
1994,"SUV",16.53019,4000,175,9.9451,537.62242
1996,"SUV",15.6602,4500,190,10.512,567.48953
1997,"SUV",20.35421,3672.813,137.0601,12.2549,436.61722
1998,"SUV",20.55616,3605.594,141.392,12.2411,432.32787
1999,"SUV",20.76944,3586.894,155.8378,11.3095,427.88821
2000,"SUV",20.90459,3610.776,152.5358,10.9978,425.12189
2001,"SUV",20.10609,3864.676,177.9535,10.2098,442.00532
2002,"SUV",20.66815,3823.9,185.2178,9.8907,429.9852
2003,"SUV",19.76189,4061.096,202.1322,9.5561,449.704
2004,"SUV",19.46566,4082.167,205.7627,9.4708,456.54747
2005,"SUV",19.24231,4094.849,213.7963,9.1539,461.84686
2006,"SUV",19.5199,4100.751,206.7208,9.3792,455.27907
2007,"SUV",19.87253,4231.261,215.076,9.425,447.2003
2008,"SUV",20.08629,4211.627,213.029,9.5577,442.441
2009,"SUV",20.40935,4244.358,216.8161,9.2739,435.43773
2010,"SUV",21.39159,4236.67,223.2432,9.0976,415.44366
2011,"SUV",20.85068,4321.003,226.1019,9.0782,426.22111
2012,"SUV",22.20025,4269.406,228.7354,8.8987,400.31076
2013,"SUV",22.95705,4144.78,222.1694,8.9377,387.11421
2014,"SUV",23.91987,4010.552,219.9684,8.8708,371.53209
2015,"SUV",25.22813,4117.815,219.0045,8.8386,352.26547
2016,"SUV",24.70836,4148.11,245.8591,7.9894,359.67582
2017,"SUV",25.33301,4039.834,241.6409,7.8783,350.80708
2018,"SUV",26.73991,3881.36,224.7299,8.155,332.34965
2019,"SUV",25.92689,3977.488,235.4768,7.881,342.77158
2020,"SUV",26.11899,4166.433,234.9564,8,340.25051
2021,"SUV",26.13047,4196.772,233.9783,7.7947,340.10099
1978,"Van",12.77637,4088.212,144.6221,13.3206,695.58117
1979,"Van",10.30632,4664.678,162.9044,14.403,862.2867
1980,"Van",13.78565,4625.036,131.9206,16.58,644.65566
1981,"Van",14.30833,4508.602,128.0229,16.6023,621.10655
1982,"Van",13.75239,4543.81,130.4355,17.673,646.21474
1983,"Van",13.8263,4515.856,134.0185,15.7225,642.76062
1984,"Van",14.10065,4389.264,142.3902,14.962,630.25442
1985,"Van",13.7745,4464.107,145.4027,14.6748,645.1777
1986,"Van",16.74208,4217.688,131.0761,14.6912,530.81819
1987,"Van",16.62853,4247.209,148.8331,13.6393,534.4429
1988,"Van",16.42429,4357.654,149.6339,13.9491,541.08888
1989,"Van",16.715,4273.552,148.7489,13.3893,531.67823
1990,"Van",16.26502,4316.913,155.164,12.3004,546.38734
1991,"Van",16.61869,4283.366,156.3946,12.3071,534.75935
1992,"Van",16.43962,4426.95,156.4597,12.243,540.58438
1993,"Van",17.36496,4279.68,157.5135,11.2447,511.77786
1994,"Van",16.59128,4436.626,161.0809,11.2176,535.64293
1995,"Van",18.00281,4181.792,149.0048,11.6235,493.64505
1996,"Van",17.73514,4213.996,177.6914,10.9483,501.09551
1997,"Van",17.13686,4408.041,177.0793,11.2222,518.58989
1998,"Van",18.40519,4204.556,186.2044,10.8447,482.85299
1999,"Van",17.21557,4577.854,198.0167,10.8298,516.21887
2000,"Van",17.68951,4543.004,199.8607,10.2415,502.38826
2001,"Van",14.74386,5336.77,240.5365,9.795,602.7595
2002,"Van",17.71563,4570.027,202.2561,10.1932,501.64739
2003,"Van",17.93882,4613.125,205.0152,10.0569,495.40593
2004,"Van",17.39573,4619.738,203.0593,10.1163,510.8726
2005,"Van",18.8136,4463.817,203.5956,9.705,472.37112
2006,"Van",18.13697,4530.271,208.1224,9.7311,489.99361
2007,"Van",19.68613,4282.774,200.962,9.633,451.43461
2008,"Van",19.31537,4500,265,8.2426,460.09986
2009,"Van",19.61724,4500,265,8.0317,453.01994
2010,"Van",23.38157,3500,140,11.6142,380.08564
2011,"Van",21.60912,3777.185,150.8069,11.5085,411.26145
2012,"Van",22.28005,3720.624,144.8263,11.7979,398.87697
2013,"Van",22.54292,3669.904,142.7546,11.7623,394.22584
2014,"Van",22.54188,4122.819,180.4212,10.0903,394.2439
2015,"Van",22.84393,4194.428,185.5978,9.969,389.03117
2016,"Van",21.9155,4244.389,186.7228,9.9918,405.512
2017,"Van",21.53825,4296.808,190.0981,9.9656,412.61468
2018,"Van",21.28612,4351.006,190.8886,9.985,417.50213
2019,"Van",23.13507,4348.642,180.7886,10.02,384.13541
2020,"Van",24.17712,4257.046,173.5781,9.9953,367.57889
2021,"Van",24.97433,4094.224,165.3241,10.1162,355.84537
1978,"Truck",13.51315,4215.518,146.7967,13.5903,657.65591
1979,"Truck",12.63683,4144.051,155.8294,13.7004,703.26186
1980,"Truck",15.29345,4032.266,126.6515,15.3795,581.09833
1981,"Truck",16.4335,3890.146,120.6976,15.3557,540.78565
1982,"Truck",15.51872,3972.464,126.32,16.1144,572.66303
1983,"Truck",17.30118,3578.535,109.6666,15.6003,514.21723
1984,"Truck",16.60958,3768.163,118.6327,15.1003,535.33445
1985,"Truck",17.31111,3687.814,125.475,14.0651,513.43882
1986,"Truck",17.4682,3792.749,129.8677,13.322,508.86687
1987,"Truck",17.68384,3761.369,134.208,13.1063,502.63355
1995,"Van",20.90031,3500,140,11.3228,425.20895
1996,"Van",23.28313,3500,145,11.5565,381.69265
1997,"Van",20.23778,3500,130,12.3827,439.1292
1998,"Van",21.92938,3500,150,11.5647,405.25541
1999,"Van",19.83429,4500,205,10.5329,448.06236
2000,"Van",19.62397,4500,205,10.0697,452.86449
2001,"Van",19.61051,4500,205,9.9202,453.17524
2002,"Van",19.70452,4500,240,8.8574,451.0133
2003,"Van",19.65657,4500,240,8.7805,452.11351
2004,"Van",19.59144,4500,240,8.7966,453.61653
2005,"Van",20.95287,4500,255,8.4199,424.14245
2006,"Van",20.98838,4500,244,8.7285,423.42479
2007,"Van",19.94136,4500,244,8.8038,445.65666
1978,"Van",11.94991,4313.375,153.2909,13.1797,743.68771
1979,"Van",12.42753,4552.532,130.3738,16.3659,715.10576
1980,"Van",14.22693,4337.548,144.8402,15.2013,624.66032
1981,"Van",15.328,4373.77,143.3215,15.4143,579.78869
1982,"Van",15.19968,4447.189,150.6317,16.231,584.68344
1983,"Van",16.04756,4551.079,152.7711,14.4648,560.28208
1984,"Van",15.46092,4523.077,148.0007,14.7351,576.90999
1985,"Van",15.91454,4287.271,154.1737,13.7464,559.04901
1986,"Van",16.44479,4240.582,150.0996,13.2994,540.77418
1987,"Van",16.76003,4213.995,168.9921,12.4224,530.44107
1988,"Van",17.07899,4209.654,168.0743,12.559,520.60735
1989,"Van",17.04956,4215.153,168.5072,12.1288,521.43094
1990,"Van",17.36383,4265.111,155.0605,12.4876,511.95472
1991,"Van",17.4472,4289.274,155.9306,12.5015,509.54799
1992,"Van",17.42012,4303.614,164.6642,11.7283,510.28199
1993,"Van",17.27448,4363.597,173.1066,10.6856,514.45845
1994,"Van",17.47119,4315.663,173.9024,10.5,508.66601
1995,"Van",17.08665,4336.952,179.3328,10.5343,520.11366
1996,"Van",17.70993,4418.835,193.9202,10.5309,501.80896
1997,"Van",18.01041,4353.891,201.0551,10.1753,493.43698
1998,"Van",18.17852,4291.476,198.7877,10.4744,488.87366
1999,"Van",17.98816,4326.553,193.1446,10.6824,494.04724
2000,"Van",18.02448,4323.366,192.6714,10.2191,493.05171
2001,"Van",18.66962,4274.764,192.9306,9.9999,476.01398
2002,"Van",18.16589,4307.41,192.6552,10.217,489.21366
2003,"Van",18.78197,4346.815,194.6765,10.163,473.16653
2004,"Van",18.64661,4360.247,196.8428,10.0961,476.60148
2005,"Van",18.18728,4532.294,200.1935,10.1424,488.63819
2006,"Van",18.41394,4715.202,207.695,10.2371,482.62361
2007,"Van",18.23462,4725.855,236.6068,9.4712,487.3695
2008,"Van",18.36668,4703.661,238.2972,9.4623,483.86539
2009,"Van",15.99656,5271.175,232.9341,10.1103,555.55687
2010,"Van",16.16342,5341.657,241.2253,10.081,549.82159
2011,"Van",15.90202,5450.51,248.0284,9.9719,558.85965
2012,"Van",16.25208,5342,237.4246,10.1563,546.82227
2013,"Van",16.12857,5367.89,244.523,10.0174,551.0099
2014,"Van",15.50109,5383.606,243.5661,10.0547,573.31455
2015,"Van",13.39339,6661.927,296.7521,9.2055,663.53648
2016,"Van",13.14293,6646.714,324,8.6116,676.1811
2017,"Van",12.70648,6668.898,324,8.6277,699.40711
1978,"Truck",12.45919,4247.77,150.6131,13.2255,715.01753
1979,"Truck",12.91064,4494.611,131.8871,15.7178,692.23203
1980,"Truck",15.72267,4157.412,130.8855,15.5624,571.49287
1981,"Truck",16.98845,4012.446,128.6049,15.4634,528.00855
1982,"Truck",18.61004,3850.299,127.504,16.0716,486.77572
1983,"Truck",18.16184,3931.074,130.4993,14.6034,493.69801
1984,"Truck",17.64787,3962.073,128.2724,14.7583,506.67928
1985,"Truck",17.41964,3925.961,132.8964,14.1916,511.67568
1986,"Truck",17.66065,3893.037,134.4303,13.339,504.30917
1987,"Truck",18.06343,3749.408,141.317,13.0402,492.52461
1988,"Truck",17.22271,4013.153,159.8001,12.4567,516.3545
1989,"Truck",17.2698,3976.306,164.9744,11.6355,514.88878
1990,"Truck",16.13395,4241.024,179.0189,10.6523,551.16684
1991,"Truck",17.90757,3845.311,155.6158,11.1069,496.51232
1992,"Truck",16.98758,4087.689,166.8413,10.6346,523.3793
1993,"Truck",16.82572,4188.879,172.897,9.8992,528.1796
1994,"Truck",16.64284,4256.236,178.8799,9.7867,533.98333
1995,"Truck",16.68537,4270.013,172.6935,10.2237,532.62241
1996,"Truck",17.58612,4303.733,197.3016,10.0825,505.72125
1997,"Truck",16.88617,4596.598,212.9558,9.8668,526.44509
1998,"Truck",17.33207,4311.3,200.6068,10.3731,512.85733
1999,"Truck",16.1705,4762.72,228.4356,10.0153,549.58606
2000,"Truck",16.94862,4401.205,218.6502,9.5483,524.34937
2001,"Truck",16.50584,4592.041,227.3015,9.3071,538.41545
2002,"Truck",15.44052,4987.675,257.2493,9.0024,575.56357
2003,"Truck",16.2007,4712.285,235.1995,9.4061,548.55656
2004,"Truck",16.05271,4951.262,262.2327,8.7808,553.61361
2005,"Truck",16.42721,4890.733,263.3169,8.693,540.99254
2006,"Truck",16.61129,4878.158,260.0357,8.8266,534.99747
2007,"Truck",16.3629,5212.624,276.1167,8.8777,543.11888
2008,"Truck",16.81019,5256.952,276.7135,9.0098,528.66732
2009,"Truck",16.76802,5325.399,290.5567,8.4069,529.99695
2010,"Truck",17.33182,5317.757,287.6503,8.3991,512.7563
2011,"Truck",17.35099,5365.418,299.9844,8.2106,512.18968
2012,"Truck",17.65737,5235.567,293.1287,8.2645,503.30247
2013,"Truck",17.36723,5436.341,310.4129,8.0332,511.71081
2014,"Truck",19.18025,5463.478,335.1697,7.5558,463.34127
2015,"Truck",19.47005,5352.876,332.0007,7.5369,456.44457
2016,"Truck",19.57608,5294.579,319.6714,7.6923,455.03407
2017,"Truck",19.06499,5486.88,334.6086,7.528,467.13239
2018,"Truck",19.11606,5491.491,340.4177,7.4458,465.67508
2019,"Truck",18.74528,5102.833,339.8797,6.9813,474.55219
2020,"Truck",19.27354,5161.55,339.9888,6.8974,464.59302
2021,"Truck",19.10701,5307.469,334.0019,7.0836,471.38401
1978,"Sedan",16.20387,3788.548,135.5113,13.3738,548.88391
1979,"Sedan",16.28583,3761.4,135.9225,13.7827,547.36716
1980,"Sedan",18.65859,3384.017,113.7871,14.9559,479.14542
1981,"Sedan",19.77678,3445.27,110.8578,15.3455,453.97279
1982,"Sedan",20.66651,3369.759,110.8856,16.2676,433.40737
1983,"Sedan",20.06465,3448.308,116.7492,14.4612,444.01293
1984,"Sedan",20.85001,3347.201,115.1024,14.3357,426.64156
1985,"Sedan",21.79364,3324.943,116.6792,13.9206,407.86061
1986,"Sedan",23.02399,3174.024,115.2296,13.2497,385.98965
1987,"Sedan",23.1599,3192.107,122.8165,12.9426,383.72358
1988,"Sedan",23.85108,3158.416,121.8995,13.0567,372.60367
1989,"Sedan",23.20116,3191.102,132.5387,11.954,383.04119
1990,"Sedan",23.01301,3255.674,136.1979,11.1341,386.17283
1991,"Sedan",22.84628,3247.566,138.7424,11.1415,388.99108
1992,"Sedan",22.41648,3306.052,145.8505,10.5502,396.44932
1993,"Sedan",22.83847,3267.606,146.0707,9.8314,389.1242
1994,"Sedan",22.89338,3277.788,148.9874,9.7158,388.19075
1995,"Sedan",22.72019,3338.467,165.2206,9.3024,391.14996
1996,"Sedan",23.08864,3337.055,167.1285,9.6401,384.90793
1997,"Sedan",23.23454,3299.617,168.3169,9.6338,382.49086
1998,"Sedan",22.69666,3362.509,173.6484,9.7196,391.55549
1999,"Sedan",22.51104,3400.976,170.7266,9.8571,394.78411
2000,"Sedan",22.57592,3453.042,174.9394,9.3767,393.64953
2001,"Sedan",22.91367,3447.947,178.115,9.0624,387.84715
2002,"Sedan",23.11592,3405.139,178.1735,9.0789,384.45368
2003,"Sedan",23.10919,3468.27,180.5662,8.9152,384.56568
2004,"Sedan",23.46819,3408.272,181.2383,8.8899,378.68279
2005,"Sedan",23.32103,3468.959,186.9505,8.8169,381.07243
2006,"Sedan",22.94781,3558.487,197.183,8.7128,387.27014
2007,"Sedan",23.13244,3562.674,192.9154,8.9109,384.17905
2008,"Sedan",22.97671,3650.829,203.1703,8.7942,386.78288
2009,"Sedan",23.97004,3586.283,195.4173,8.744,370.75452
2010,"Sedan",23.88283,3667.842,218.5893,8.3794,372.10827
2011,"Sedan",23.88689,3774.752,214.0968,8.473,372.04507
2012,"Sedan",25.70812,3675.569,207.3293,8.3968,344.6955
2013,"Sedan",26.0266,3660.419,218.7569,8.2083,340.00386
2014,"Sedan",26.68246,3634.784,215.197,8.334,332.16576
2015,"Sedan",26.82457,3638.736,224.4998,8.08,330.3961
2016,"Sedan",27.4392,3590.163,218.6976,8.0918,322.97719
2017,"Sedan",29.96535,3494.661,213.5612,7.872,291.67247
2018,"Sedan",29.64403,3513.139,211.9984,7.9131,296.62773
2019,"Sedan",27.9774,3588.516,247.2914,7.391,312.75827
2020,"Sedan",30.95022,3532.928,218.5484,7.8506,279.96209
2021,"Sedan",29.35494,3515.039,241.5494,7.624,297.20549
1978,"SUV",11.89213,4710.991,165.0603,13.2334,747.30107
1979,"SUV",9.51943,5168.646,148.6553,15.7513,933.56402
1980,"SUV",12.35379,5071.11,161.3187,14.9917,719.37419
1981,"SUV",13.7489,5013.348,158.9668,15.1642,646.37886
1982,"SUV",16.35531,5260.335,147.1982,17.0438,576.09912
1983,"SUV",17.25267,4507.062,128.7319,15.8383,524.56821
1984,"SUV",17.07124,4419.877,128.1164,15.7207,524.85929
1985,"SUV",17.18658,4348.086,125.6031,15.6803,519.27429
1986,"SUV",16.50583,4290.15,130.3098,14.3258,540.80525
1987,"SUV",16.34466,4392.948,149.0213,13.8089,544.60199
1988,"SUV",16.37492,4463.324,157.4971,13.4288,543.4019
1989,"SUV",16.80516,4405.55,164.7067,12.3846,529.32629
1990,"SUV",16.46639,4430.924,158.3741,12.1078,540.35714
1991,"SUV",17.19716,4179.054,156.3117,11.893,517.16624
1992,"SUV",16.08147,4349.493,171.1555,11.2503,552.6236
1993,"SUV",16.17537,4621.999,193.334,9.9577,549.4155
1994,"SUV",16.11378,4730.627,191.6417,10.1002,551.51564
1995,"SUV",16.06684,4701.056,187.2905,10.496,553.12665
1996,"SUV",16.32841,4786.127,206.7344,10.4082,544.30772
1997,"SUV",16.01133,4935.083,215.7288,10.2068,555.08322
1998,"SUV",16.66051,4624.649,204.8832,10.5358,533.44648
1999,"SUV",16.1601,4687.715,212.5027,10.2762,549.93482
2000,"SUV",15.87482,4965.689,220.161,9.9724,559.81732
2001,"SUV",15.20341,5191.85,240.5153,9.4562,584.5401
2002,"SUV",15.83219,5149.1,267.1447,8.978,561.32469
2003,"SUV",15.5494,5288.021,267.5191,8.9812,571.53342
2004,"SUV",15.70167,5308.738,277.0837,8.8001,565.99093
2005,"SUV",15.72761,5398.334,285.2674,8.6639,565.05732
2006,"SUV",16.26404,5100.798,273.1173,8.7731,546.42034
2007,"SUV",16.51714,5574.202,304.0167,8.5448,538.04708
2008,"SUV",17.1756,5315.151,290.0385,8.5611,517.42019
2009,"SUV",18.07332,5266.267,297.9995,7.9898,491.71935
2010,"SUV",18.82236,5355.067,298.3936,8.0494,472.15123
2011,"SUV",18.26929,5523.028,318.7023,7.8375,486.44465
2012,"SUV",18.59716,5395.953,307.2101,7.9196,477.86867
2013,"SUV",18.97552,5336.169,291.1145,8.3048,468.3402
2014,"SUV",19.779,5062.452,276.6613,8.3665,449.31499
2015,"SUV",19.93618,5309.767,305.6234,8.0714,445.77243
2016,"SUV",19.55417,5215.322,298.6598,8.1263,454.48113
2017,"SUV",20.26357,5006.574,293.4075,7.9797,438.57021
2018,"SUV",21.95096,4772.186,285.1346,7.7553,405.11967
2019,"SUV",21.79665,4688.487,282.9024,7.6862,407.79565
2020,"SUV",22.20659,4563.187,274.5007,7.6108,400.19645
2021,"SUV",21.14025,4924.969,295.1412,7.3433,421.12054
1978,"Van",11.38544,4386.977,150.8184,13.5423,780.55805
1979,"Van",11.72449,4450.427,144.7226,15.1337,757.98621
1980,"Van",14.07057,4137.146,125.3809,16.4848,631.60196
1981,"Van",14.82665,4049.767,119.3361,16.9024,599.3938
1982,"Van",15.01582,4030.777,122.7757,17.6418,591.84242
1983,"Van",15.2751,4099.389,117.6152,16.7739,581.79652
1984,"Van",17.22862,3679.427,108.3933,16.6526,515.82782
1985,"Van",17.84562,3645.254,111.047,16.2909,497.99323
1986,"Van",18.63259,3674.415,108.6152,15.8399,476.95989
1987,"Van",18.87492,3707.316,124.5048,14.8547,470.83652
1988,"Van",19.42032,3798.351,133.8966,14.5226,457.61357
1989,"Van",19.03198,3825.239,131.6936,14.1006,466.95101
1990,"Van",19.26105,3875.712,142.0774,12.4933,461.39739
1991,"Van",19.04325,3971.609,141.6433,12.8844,466.67456
1992,"Van",18.90153,3970.457,143.6848,12.5097,470.1735
1993,"Van",19.65452,3822.856,144.2502,11.3931,452.16061
1994,"Van",18.55412,3971.447,152.676,11.165,478.97723
1995,"Van",19.01431,3836.52,153.8031,11.1657,467.38486
1996,"Van",18.78995,4156.499,162.2069,11.641,472.96554
1997,"Van",18.6657,4152.318,160.8909,11.6904,476.11389
1998,"Van",19.15886,4141.207,163.6018,11.8247,463.85846
1999,"Van",18.84806,4169.083,165.0379,11.7243,471.50748
2000,"Van",19.14557,4156.206,163.2157,11.2801,464.18044
2001,"Van",19.02065,4429.633,189.9225,10.422,467.22895
2002,"Van",19.3172,4373.491,188.512,10.5493,460.05627
2003,"Van",19.73423,4285.77,190.5209,10.2348,450.33434
2004,"Van",19.76433,4382.39,193.1115,10.2923,449.64832
2005,"Van",19.5607,4285.403,195.6745,9.9953,454.32946
2006,"Van",19.65297,4360.606,190.5617,10.3453,452.19627
2007,"Van",19.24648,4401.306,192.637,10.4057,461.74679
2008,"Van",19.70394,4554.314,179.0161,10.8124,451.02647
2009,"Van",19.81802,4577.07,194.9012,10.0701,448.43031
2010,"Van",19.68687,4580.212,200.3861,9.8787,451.4175
2011,"Van",20.71909,4500,283,7.7369,428.92807
2012,"Van",20.82896,4500,283,7.7377,426.66554
2013,"Van",20.54878,4726.611,283,7.9511,432.48301
2014,"Van",20.83248,4502.066,283.0004,7.7396,426.59354
2015,"Van",20.96045,4448.675,277.7135,7.7716,423.98907
2016,"Van",20.98521,4443.589,277.1896,7.775,423.48874
2017,"Van",22.16523,4455.762,278.9064,7.4226,400.36035
2018,"Van",22.86345,4475.478,276.1982,7.4328,385.58215
2019,"Van",21.85641,4467.08,279.4706,7.5476,405.86894
2020,"Van",23.46491,4480.762,276.43,7.2648,375.65041
2021,"Van",25.27696,4534.419,260.8847,7.5504,341.35825
1978,"Truck",12.3181,4225.77,148.112,13.3767,721.88551
1979,"Truck",12.70434,4041.41,130.3558,14.833,700.44025
1980,"Truck",16.82205,3429.571,110.1229,15.3742,528.29472
1981,"Truck",16.93823,3564.049,108.0714,15.9009,524.6712
1982,"Truck",18.07374,3469.666,108.6273,16.6391,491.70795
1983,"Truck",19.90187,3311.531,103.1045,15.3997,448.00708
1984,"Truck",16.50118,3637.945,108.6811,15.564,539.34287
1985,"Truck",15.78063,3798.32,124.3119,14.683,563.37837
1986,"Truck",17.11789,3626.205,118.7572,13.9442,519.1895
1987,"Truck",17.93533,3611.329,121.7356,13.9048,495.50558
1988,"Truck",17.53911,3651.841,126.2936,13.7338,506.69623
1989,"Truck",16.78939,3680.838,127.2506,13.1258,529.32254
1990,"Truck",16.0683,3990.852,141.1755,12.0479,553.07647
1991,"Truck",15.75694,4034.549,145.6452,12.0081,564.00537
1992,"Truck",16.08757,4046.24,154.5349,11.5897,552.41422
1993,"Truck",15.79256,4111.222,155.7214,10.8357,562.73319
1994,"Truck",15.60047,4346.473,198.7124,9.4488,569.66229
1995,"Truck",14.75472,4516.184,201.4158,9.637,602.31585
1996,"Truck",14.4003,4697.127,210.0108,9.9211,617.14005
1997,"Truck",14.67363,4764.896,209.3273,10.0199,605.64419
1998,"Truck",14.8978,4783.331,206.8871,10.4274,596.53093
1999,"Truck",14.6326,4795.316,214.8234,10.1673,607.34236
2000,"Truck",15.14351,4662.1,214.2765,9.648,586.85201
2001,"Truck",14.26494,4905.464,220.8939,9.5495,622.99578
2002,"Truck",14.56908,5010.607,225.3293,9.7092,609.99059
2003,"Truck",14.72922,5107.727,240.0227,9.2463,603.35832
2004,"Truck",14.51784,5139.682,279.1537,8.5101,612.1435
2005,"Truck",14.68737,5093.381,273.7851,8.5623,605.07787
2006,"Truck",15.35862,5206.45,266.0061,8.8919,578.63265
2007,"Truck",15.31511,5316.656,277.1018,8.8115,580.27657
2008,"Truck",16.26376,5275.37,301.3486,8.3313,546.42949
2009,"Truck",15.80177,5531.406,321.4133,7.9834,562.40518
2010,"Truck",16.03863,5371.427,342.7606,7.7485,554.09966
2011,"Truck",16.18785,5348.257,344.4297,7.7119,548.99185
2012,"Truck",16.02767,5409.739,373.2348,7.0386,554.47877
2013,"Truck",16.55283,5408.469,370.9081,6.9664,536.88698
2014,"Truck",17.37408,5619.164,346.2896,7.1904,511.50911
2015,"Truck",18.253,5517.954,334.581,7.3471,494.04629
2016,"Truck",18.24743,5505.442,337.7627,7.243,492.32669
2017,"Truck",18.10215,5493.475,364.9055,6.8581,493.16433
2018,"Truck",18.53385,5481.991,357.3647,7.0104,483.26441
2019,"Truck",18.27808,5491.048,377.772,6.7209,486.65036
2020,"Truck",18.75433,5364.48,355.4728,6.8498,475.51456
2021,"Truck",18.70279,5415.757,362.1372,6.9321,477.73333
1978,"Sedan",16.25468,3648.532,122.7777,13.9414,546.73474
1979,"Sedan",17.91774,3386.897,109.7694,15.127,495.98896
1980,"Sedan",19.35529,3075.336,88.7186,16.8165,459.15092
1981,"Sedan",22.23262,2833.106,91.6173,15.6194,399.72804
1982,"Sedan",22.93568,2942.106,94.319,16.7506,387.47487
1983,"Sedan",24.15636,2843.078,90.3069,15.6679,367.89478
1984,"Sedan",24.28044,2789.989,91.6876,15.3489,366.01483
1985,"Sedan",23.94634,2881.014,105.7374,13.9212,371.12142
1986,"Sedan",24.20714,2882.586,104.0969,13.593,367.12306
1987,"Sedan",23.39589,2896.696,106.4735,13.506,379.85301
1988,"Sedan",23.99535,2956.483,108.9368,13.6794,370.3635
1989,"Sedan",23.57729,3072.852,111.4561,13.1393,376.93059
1990,"Sedan",22.94349,3214.075,124.2038,11.7028,387.34299
1991,"Sedan",22.88913,3189.089,126.0511,11.6739,388.26288
1992,"Sedan",22.99643,3172.034,125.8,11.4316,386.45134
1993,"Sedan",23.1365,3178.218,133.063,10.3864,384.11172
1994,"Sedan",21.774,3361.096,145.8527,10.0425,408.14739
1995,"Sedan",23.29176,3205.765,152.6516,9.5034,381.55132
1996,"Sedan",22.53123,3332.67,164.3926,9.6156,394.43037
1997,"Sedan",22.43242,3355.153,162.7804,9.7501,396.16774
1998,"Sedan",23.29003,3230.071,153.6459,10.2346,381.57955
1999,"Sedan",22.1345,3515.61,185.1459,9.5333,401.49997
2000,"Sedan",22.47769,3393.534,173.1479,9.4099,395.36987
2001,"Sedan",22.32086,3453.552,174.1958,9.2531,398.14774
2002,"Sedan",21.72972,3474.57,190.7457,8.9674,408.97907
2003,"Sedan",22.71509,3373.3,166.9798,9.3668,391.23779
2004,"Sedan",21.91998,3622.826,196.8371,8.7299,405.4293
2005,"Sedan",21.2068,3756.873,214.1589,8.4203,419.0637
2006,"Sedan",20.38705,3950.141,244.419,7.9357,435.91406
2007,"Sedan",21.5611,3824.573,222.7308,8.2067,412.17757
2008,"Sedan",22.13546,3789.452,207.8514,8.8337,401.48246
2009,"Sedan",21.94479,3837.606,225.9555,8.2669,404.97093
2010,"Sedan",22.17459,3839.859,223.9362,8.397,400.77409
2011,"Sedan",22.62636,3880.831,254.2936,7.6162,392.772
2012,"Sedan",23.8797,3707.097,232.3499,8.0526,372.15718
2013,"Sedan",24.45423,3720.236,226.3391,8.0781,363.11404
2014,"Sedan",23.38337,3895.894,257.94,7.4901,379.48149
2015,"Sedan",25.64282,3746.7,241.3994,7.3232,345.53246
2016,"Sedan",24.07618,3932.015,283.2793,6.8334,368.16382
2017,"Sedan",23.6588,4023.374,305.2303,6.477,372.98263
2018,"Sedan",22.36767,4178.69,341.4689,6.012,396.96659
2019,"Sedan",22.21552,4184.737,339.1871,6.0153,399.8887
1978,"Sedan",23.18572,2410.106,75.5057,14.7582,387.61003
1979,"Sedan",24.36856,2388.761,72.7247,16.6791,372.50239
1980,"Sedan",26.6002,2385.016,70.0977,17.357,346.84244
1981,"Sedan",29.18998,2402.644,69.1271,17.2185,320.2863
1982,"Sedan",27.97779,2478.345,75.2272,17.6674,326.47933
1983,"Sedan",25.6088,2526.414,90.6985,14.4054,351.50682
1984,"Sedan",24.2326,2630.546,93.1546,14.3641,369.89858
1985,"Sedan",25.13338,2684.448,98.5361,13.7136,356.43893
1986,"Sedan",24.6003,2689.486,105.1873,12.695,362.92884
1987,"Sedan",23.95163,2731.545,109.6707,12.572,371.0395
1988,"Sedan",24.97399,2692.213,105.596,12.9147,355.8502
1989,"Sedan",24.64184,2753.546,107.9848,12.5229,361.45365
1990,"Sedan",23.73371,2929.358,118.9145,11.4263,374.80258
1991,"Sedan",24.18345,2942.695,114.6201,11.9555,368.90174
1992,"Sedan",23.89521,2975.974,120.2114,11.2519,372.31995
1993,"Sedan",22.08891,3131.226,140.7684,9.7175,402.32853
1994,"Sedan",22.98928,3103.882,133.1085,9.7903,386.57152
1995,"Sedan",23.21786,3124.504,138.3715,9.762,382.76568
1996,"Sedan",22.90558,3159.903,136.7134,10.4211,389.02232
1997,"Sedan",23.03915,3151.234,140.1514,10.2015,386.40508
1998,"Sedan",23.23661,3205.746,141.8341,10.455,384.10328
1999,"Sedan",22.77293,3255.751,148.2536,10.3209,391.02713
2000,"Sedan",22.87048,3252.114,152.5196,9.6404,390.2935
2001,"Sedan",22.47238,3327.169,163.4716,9.2011,397.01968
2002,"Sedan",23.09789,3394.377,165.4503,9.5221,387.39005
2003,"Sedan",23.30542,3441.925,165.5027,9.5413,383.5794
2004,"Sedan",22.60881,3533.812,177.0846,9.2456,395.6129
2005,"Sedan",22.70265,3606.833,181.9016,9.1921,395.8733
2006,"Sedan",23.60126,3626.719,192.1359,8.756,381.35845
2007,"Sedan",22.75298,3678.79,205.0891,8.3212,390.58614
2008,"Sedan",22.97951,3650.43,209.4051,8.1328,386.73592
2009,"Sedan",24.44252,3629.567,198.3759,8.2804,368.9152
2010,"Sedan",25.79075,3625.571,195.0477,8.4764,352.27323
2011,"Sedan",26.72991,3643.454,196.5456,8.5435,339.78295
2012,"Sedan",26.70061,3607.47,196.1715,8.4775,339.21708
2013,"Sedan",26.84884,3614.685,194.4696,8.5447,338.10265
2014,"Sedan",27.44236,3626.404,199.081,8.4668,331.04429
2015,"Sedan",28.31482,3625.303,199.2499,8.3513,318.79639
2016,"Sedan",28.44937,3689.705,209.5566,7.9857,311.00568
2017,"Sedan",28.73662,3631.604,206.52,8.0438,308.69679
2018,"Sedan",27.17454,3801.893,243.9185,7.3801,326.25386
2019,"Sedan",30.3322,3657.914,207.6688,7.8288,291.80798
2020,"Sedan",29.27273,3764.902,230.3397,7.4577,299.50078
2021,"Sedan",28.88771,3850.951,251.8944,6.9252,302.39524
2003,"SUV",14.70659,5500,366.7894,7.366,604.28704
2004,"SUV",15.18939,5471.897,292.4305,8.5944,585.76614
2005,"SUV",15.45548,5382.466,291.894,8.4785,575.00628
2006,"SUV",15.45643,5407.332,298.7104,8.4649,576.63338
2007,"SUV",15.6949,5568.022,300.1626,8.4174,567.22882
2008,"SUV",16.28133,5566.294,320.1756,8.1748,546.08652
2009,"SUV",18.82594,4776.387,258.7163,8.3214,474.6708
2010,"SUV",19.69174,4626.82,247.8242,8.4994,456.72564
2011,"SUV",21.2369,4624.965,252.9041,8.1657,423.54412
2012,"SUV",21.45091,4737.479,258.0587,8.1184,420.93687
2013,"SUV",21.40213,4786.31,263.9058,7.9993,423.18167
2014,"SUV",21.59208,4800.529,267.7154,7.9167,422.17551
2015,"SUV",21.53597,4795.394,263.6744,7.9209,420.82233
2016,"SUV",22.06187,4590.994,262.8229,7.8092,405.23632
2017,"SUV",21.72664,4653.872,284.2099,7.476,408.2598
2018,"SUV",22.83029,4472.609,256.9059,7.7313,389.14866
2019,"SUV",22.9569,4623.597,263.317,7.6462,383.59519
2020,"SUV",22.735,4394.661,247.6402,7.6948,389.29401
2021,"SUV",22.74491,4607.922,268.0791,7.3109,386.091
1987,"Van",18.87395,3500,106,15.5378,470.86059
1988,"Van",18.81185,3611.351,106,16.0478,472.41507
1989,"Van",18.61875,3737.705,106,15.7379,477.31442
1990,"Van",21.27327,3451.739,137.489,11.7599,417.75425
1991,"Van",21.73749,3381.868,138,11.705,408.83284
1992,"Van",21.29905,3500,138,11.9013,417.24868
1993,"Van",18.14357,4000,151,11.1593,489.8153
1994,"Van",18.84046,4000,151,11.0836,471.69764
1995,"Van",19.04415,4000,151,11.3582,466.65256
1996,"Van",18.91731,4000,151,11.8624,469.78134
1997,"Van",18.58696,4000,151,11.829,478.131
1998,"Van",18.65054,4000,151,12.1748,476.501
1999,"Van",18.99661,4000,170,11.1569,467.82018
2000,"Van",18.74608,4000,170,10.6662,474.07235
2001,"Van",18.43605,4000,170,10.5079,482.04457
2002,"Van",18.36884,4000,170,10.6685,483.80854
2004,"Van",19.86372,4500,240,8.9746,447.39859
2005,"Van",19.85142,4500,240,8.8286,447.67575
2006,"Van",20.0671,4500,240,9.0015,442.86409
2007,"Van",19.72895,4500,240,8.8889,450.45489
2008,"Van",19.73737,4500,240,8.944,450.26266
2009,"Van",19.7489,4500,240,8.743,449.99982
2011,"Van",21.41249,4500,260,8.1097,415.03811
2012,"Van",21.61245,4500,265,8.0162,411.19814
2013,"Van",22.65876,4171.683,221.0056,9.1127,392.21037
2014,"Van",23.29438,3948.807,188.8961,9.8995,381.50831
2015,"Van",24.8039,3743.509,162.4126,10.5657,358.2904
2016,"Van",24.44657,3935.482,187.1772,9.9427,363.52742
2017,"Van",25.08316,3650.552,150.4211,10.8674,354.30138
2018,"Van",25.15589,3500,131,11.3559,353.27706
2019,"Van",25.15589,3500,131,11.3559,353.27706
2020,"Van",25.15589,3500,131,11.3559,353.27706
2021,"Van",24.94785,3500,131,11.3559,356.22305
1978,"Truck",21.71583,2785.834,107,12.1123,409.24064
1979,"Truck",19.70033,2780.894,92,15.0557,451.1092
1980,"Truck",21.29963,2830.489,91.5985,15.4314,417.23721
1981,"Truck",23.55524,2892.98,92.0929,15.6399,383.94235
1982,"Truck",23.583,2894.294,91.0535,16.8515,384.95243
1983,"Truck",23.28499,3040.726,100.2983,14.4473,382.74131
1984,"Truck",22.31509,3156.366,102.5219,14.4348,398.37085
1985,"Truck",21.80218,3137.198,102.9961,14.2084,407.62321
1986,"Truck",20.94957,3229.446,109.3286,13.2365,424.20926
1987,"Truck",21.23729,3168.939,110.8415,13.2068,418.46209
1988,"Truck",20.77361,3239.403,111.9764,13.5906,427.80228
1989,"Truck",20.78278,3238.84,112.5288,12.9585,427.61359
1990,"Truck",22.65735,3167.017,134.9047,10.5533,392.23484
1991,"Truck",22.3642,3203.036,134.8304,10.7877,397.37624
1992,"Truck",22.16627,3228.669,135.3371,10.5753,400.92445
1993,"Truck",21.81541,3257.028,136.0198,9.9415,407.37265
1994,"Truck",21.04581,3332.975,137.1776,9.9342,422.26927
1995,"Truck",20.36768,3365.145,137.9747,10.1949,436.3286
1996,"Truck",20.50828,3354.998,134,10.8608,433.33727
1997,"Truck",20.21002,3349.504,134,10.7923,439.73229
1998,"Truck",20.62131,3603.774,142,11.2096,430.962
1999,"Truck",18.77903,3787.597,151.6483,11.2024,473.24058
2000,"Truck",17.58189,3918.048,158.4915,10.6615,505.46329
2001,"Truck",17.85822,3880.165,161.138,10.3317,497.64188
2002,"Truck",17.59348,3943.945,162.6884,10.5485,505.1304
2003,"Truck",17.86665,3944.634,170.4535,10.1564,497.40729
2004,"Truck",18.49837,3869.692,165.606,10.2747,480.42066
2005,"Truck",15.65623,4894.881,281.1127,8.0626,567.63329
2006,"Truck",15.90841,4810.739,272.0623,8.2953,558.63538
2007,"Truck",16.16451,4770.801,265.5834,8.4736,549.78484
2008,"Truck",15.67046,5139.869,343.7204,7.8091,567.11817
2009,"Truck",16.37047,4926.096,270.3874,8.4177,542.86771
2010,"Truck",16.42796,4942.991,269.7646,8.5322,540.96785
2011,"Truck",16.4817,4904.595,272.1936,8.4147,539.20396
2012,"Truck",16.62615,4839.069,273.3641,8.3062,534.51951
2013,"Truck",17.91918,4666.366,249.4969,8.8,495.94896
2014,"Truck",17.82783,4688.937,252.3712,8.7573,498.49028
2015,"Truck",18.11701,4635.181,247.8648,8.807,490.53341
2016,"Truck",18.78652,4454.777,241.1121,8.7743,473.05184
2017,"Truck",18.5006,5056.65,297.3968,8.1728,480.36286
2018,"Truck",18.45798,4957.526,287.4018,8.2782,481.47208
2019,"Truck",18.51145,4781.322,274.4279,8.3385,480.08131
2020,"Truck",19.77665,5088.106,335.4296,6.7073,449.36835
2021,"Truck",18.9487,5478.197,362.7439,6.6301,469.00308
1978,"Sedan",22.76734,2533.77,105.4201,11.8862,390.33989
1979,"Sedan",22.84747,2493.73,84.525,15.3933,388.97082
1980,"Sedan",26.55812,2461.074,81.8036,15.6723,334.62456
1981,"Sedan",25.93274,2529.992,89.116,15.3202,343.21575
1982,"Sedan",26.13337,2568.011,89.8975,16.2575,341.23942
1983,"Sedan",27.88658,2516.105,89.5001,14.4928,319.11973
1984,"Sedan",27.21893,2632.643,100.999,13.7038,326.71477
1985,"Sedan",25.12592,2737.75,103.38,13.7239,353.75114
1986,"Sedan",25.39501,2801.154,103.4139,13.2017,349.96969
1987,"Sedan",24.83659,2881.983,98.8598,14.2377,357.81879
1988,"Sedan",25.72824,2786.068,93.2033,14.8702,345.41806
1989,"Sedan",25.33047,2835.814,112.1933,12.4258,350.84227
1990,"Sedan",23.76489,3024.683,138.4665,10.5513,373.95509
1991,"Sedan",24.21039,3080.803,145.8614,10.2344,367.07377
1992,"Sedan",24.86785,3026.462,141.2284,10.1451,357.36908
1993,"Sedan",24.17637,3096.786,145.8129,9.431,367.5904
1994,"Sedan",24.65899,3034.678,142.0661,9.5185,360.39593
1995,"Sedan",24.06943,3143.249,158.891,9.1642,369.22351
1996,"Sedan",24.77538,3121.413,156.0374,9.5737,358.7029
1997,"Sedan",24.24112,3121.672,156.0348,9.6458,366.60848
1998,"Sedan",24.6053,3283.44,155.6952,10.1957,361.1823
1999,"Sedan",24.08046,3340.847,156.7986,10.2133,369.05435
2000,"Sedan",22.71349,3381.295,184.1541,8.896,391.26527
2001,"Sedan",22.8385,3305.186,172.6339,9.0583,389.12363
2002,"Sedan",23.19976,3368.455,193.4641,8.6649,383.06427
2003,"Sedan",22.3254,3430.441,212.7041,8.0719,398.06672
2004,"Sedan",22.51652,3528.31,214.8604,8.2242,394.68796
2005,"Sedan",23.26274,3521.449,197.0988,8.6052,382.0272
2006,"Sedan",23.04576,3525.028,200.8377,8.6673,385.62406
2007,"Sedan",24.89465,3483.326,197.379,8.4661,356.98434
2008,"Sedan",25.29688,3462.566,196.3237,8.4987,351.30809
2009,"Sedan",26.07979,3436.111,191.0846,8.5197,340.7619
2010,"Sedan",26.3991,3445.891,193.734,8.5155,336.64032
2011,"Sedan",26.55646,3436.684,191.1288,8.587,333.31427
2012,"Sedan",27.33712,3380.142,181.2911,8.7146,323.79217
2013,"Sedan",30.6185,3416.185,188.348,8.4883,287.68926
2014,"Sedan",30.69133,3316.009,177.1828,8.8191,288.56759
2015,"Sedan",31.54374,3343.571,174.6424,8.8266,279.24597
2016,"Sedan",30.64592,3356.647,183.4299,8.6812,288.64922
2017,"Sedan",29.93011,3418.582,186.1615,8.6971,296.003
2018,"Sedan",30.12836,3407.709,180.5047,8.8196,293.5381
2019,"Sedan",31.19443,3342.094,169.7332,9.12,283.13223
2020,"Sedan",31.09275,3520.295,180.0745,8.8893,284.41714
2021,"Sedan",31.67453,3456.003,168.995,9.2126,279.46331
2009,"SUV",19.2774,4547.633,243.5964,8.6663,461.37905
2010,"SUV",19.68205,4555.242,243.1933,8.7323,451.91844
2011,"SUV",19.82269,4665.32,257.2685,8.548,448.83211
2012,"SUV",20.00681,4639.557,260.5694,8.4132,444.93342
2013,"SUV",20.82639,4584.101,256.6584,8.4117,427.1893
2014,"SUV",21.59169,4482.893,250.4819,8.38,412.14498
2015,"SUV",21.94241,4533.314,254.022,8.3513,405.5262
2016,"SUV",22.21006,4482.448,252.4301,8.2938,400.31728
2017,"SUV",22.33849,4509.665,257.3096,8.1579,397.85817
2018,"SUV",23.12897,4426.111,249.7993,8.1767,384.17925
2019,"SUV",23.48195,4444.482,254.6321,7.9849,378.06599
2020,"SUV",23.7501,4447.901,256.7141,7.7853,373.88993
2021,"SUV",24.05591,4492.592,256.7829,7.6798,368.02817
1978,"Van",12.08009,4249.551,149.1321,13.3634,735.67345
1979,"Van",11.48461,4540.969,144.2939,15.4545,773.81839
1980,"Van",14.13642,4352.742,130.5904,16.5199,628.6599
1981,"Van",14.84219,4323.985,129.0355,16.5318,598.76601
1982,"Van",14.72404,4342.08,132.2636,17.5964,604.50911
1983,"Van",15.06647,4414.28,136.1429,15.6505,592.64477
1984,"Van",16.11388,4074.744,126.0343,15.8726,552.2425
1985,"Van",16.54583,3975.166,129.0611,15.3213,537.31517
1986,"Van",17.46989,3997.909,127.491,14.7281,508.95915
1987,"Van",17.65937,3972.056,141.7261,13.9292,503.29963
1988,"Van",17.87781,4052.761,146.9449,13.8585,497.17367
1989,"Van",17.79679,4057.266,146.0862,13.3943,499.40914
1990,"Van",17.84376,4094.99,148.8218,12.4758,498.09174
1991,"Van",17.91037,4132.591,148.5607,12.6888,496.2451
1992,"Van",17.92191,4151.208,151.953,12.2324,495.91014
1993,"Van",18.20216,4105.496,155.0834,11.2051,488.23886
1994,"Van",17.83757,4156.485,159.4923,11.0199,498.21818
1995,"Van",18.078,4109.512,158.8926,11.1799,491.59189
1996,"Van",18.33961,4195.45,170.5941,11.2864,484.57944
1997,"Van",18.1755,4240.09,174.0118,11.208,488.95485
1998,"Van",18.69673,4182.655,180.0408,11.1196,475.32365
1999,"Van",18.27843,4306.442,182.734,11.1321,486.20154
2000,"Van",18.60865,4275.636,182.8401,10.6108,477.57348
2001,"Van",18.04383,4518.412,201.678,10.0971,492.52304
2002,"Van",18.69997,4393.857,199.4496,10.131,475.24129
2003,"Van",18.98231,4393.361,201.5338,9.9551,468.17267
2004,"Van",19.16282,4486.746,213.6638,9.6513,463.76265
2005,"Van",19.30215,4429.968,208.8673,9.6906,460.41503
2006,"Van",19.52993,4475.457,211.1533,9.7382,455.04508
2007,"Van",19.49807,4479.337,225.3215,9.427,455.78861
2008,"Van",19.81953,4527.106,220.9599,9.6207,448.3961
2009,"Van",20.06585,4572.033,220.4829,9.4307,442.89188
2010,"Van",20.11859,4533.047,212.4705,9.676,441.73066
2011,"Van",20.94922,4502.072,258.7179,8.3973,424.21625
2012,"Van",21.26883,4441.761,254.1958,8.5039,417.84159
2013,"Van",21.05797,4542.733,257.0599,8.5479,422.02553
2014,"Van",21.26902,4488.559,260.3062,8.277,417.83774
2015,"Van",21.78246,4415.51,250.1297,8.4605,407.98875
2016,"Van",21.66192,4459.328,256.3589,8.2913,410.25907
2017,"Van",22.23448,4503.103,267.5649,7.887,399.38706
2018,"Van",22.75932,4523.587,268.5461,7.7129,388.97187
2019,"Van",22.42918,4497.203,266.7527,7.8122,395.85951
2020,"Van",23.35398,4487.058,258.2838,7.8465,379.31915
2021,"Van",27.26434,4591.068,226.6128,7.8394,322.27528
1978,"Truck",13.32817,4104.366,144.152,13.3834,667.61907
1979,"Truck",13.21499,4142.085,135.6823,14.9015,674.27896
1980,"Truck",16.51884,3739.957,118.0136,15.5542,540.59043
1981,"Truck",17.88228,3679.45,115.4839,15.5938,500.35941
1982,"Truck",18.48502,3628.863,116.5468,16.3908,486.37369
1983,"Truck",18.87651,3543.619,112.3953,15.1782,473.06528
1984,"Truck",18.25999,3618.901,114.0118,15.0923,488.08367
1985,"Truck",18.20137,3642.38,122.8821,14.1795,488.92435
1986,"Truck",18.8625,3574.005,120.347,13.5534,471.48289
1987,"Truck",19.03851,3526.44,123.3883,13.5302,466.95388
1988,"Truck",18.14217,3736.914,137.6928,13.1264,489.98944
1989,"Truck",17.80206,3803.156,142.83,12.3688,499.32816
1990,"Truck",17.41153,3928.038,151.5798,11.3368,510.53577
1991,"Truck",18.18688,3779.345,146.0197,11.4214,488.7572
1992,"Truck",17.48087,3976.449,150.6981,11.2471,508.47858
1993,"Truck",17.58531,3995.899,156.0455,10.3501,505.36495
1994,"Truck",17.44093,4056.457,163.3181,10.152,509.54846
1995,"Truck",16.89032,4182.348,167.1794,10.3353,526.1595
1996,"Truck",17.14796,4189.857,178.2257,10.5059,518.39705
1997,"Truck",16.83729,4414.615,195.5758,10.1709,527.86627
1998,"Truck",16.99566,4282.279,189.7748,10.5256,522.93624
1999,"Truck",16.28507,4486.464,204.7477,10.3127,545.71648
2000,"Truck",16.65304,4340.005,202.7504,9.8163,533.65646
2001,"Truck",15.9533,4551.472,215.7755,9.4472,557.06333
2002,"Truck",15.75266,4689.839,226.252,9.4478,564.15882
2003,"Truck",16.07718,4641.51,222.8414,9.4599,552.77106
2004,"Truck",15.73684,4938.797,248.7484,9.1017,564.72565
2005,"Truck",15.84874,4987.822,259.7066,8.8009,560.73845
2006,"Truck",16.13873,4967.739,255.5367,8.9412,550.66301
2007,"Truck",16.16854,5144.497,268.6433,8.9272,549.64751
2008,"Truck",16.47549,5161.204,276.3228,8.9017,539.40726
2009,"Truck",16.89988,5175.939,277.8993,8.5022,525.86159
2010,"Truck",16.85202,5308.759,288.9247,8.4158,527.35529
2011,"Truck",17.23687,5267.786,303.833,8.1543,515.58096
2012,"Truck",17.20749,5334.678,316.8917,7.9302,516.46123
2013,"Truck",17.47393,5428.998,328.0566,7.7965,508.58612
2014,"Truck",18.0377,5484.824,333.8904,7.6359,492.69032
2015,"Truck",18.80861,5164.656,324.168,7.5658,473.52257
2016,"Truck",18.92237,5150.408,324.2175,7.501,470.91563
2017,"Truck",18.91763,5217.041,332.8031,7.3637,470.48611
2018,"Truck",19.10974,5233.055,345.6733,7.0622,465.99329
2019,"Truck",19.02718,5084.835,342.6648,6.9382,467.41611
2020,"Truck",19.19349,5125.986,342.3512,6.8521,464.56201
2021,"Truck",19.32618,5200.655,337.2059,6.9901,462.5801
1978,"Sedan",16.94899,3587.514,124.1623,13.6978,524.8113
1979,"Sedan",17.24547,3484.872,119.4639,14.5135,516.51143
1980,"Sedan",20.0121,3101.464,100.4585,15.5474,446.31675
1981,"Sedan",21.41631,3075.865,98.7082,15.5567,417.98127
1982,"Sedan",22.21184,3054.073,98.7342,16.6289,402.41852
1983,"Sedan",22.09123,3111.96,103.8318,14.8298,403.30599
1984,"Sedan",22.4419,3098.504,105.76,14.5251,396.70005
1985,"Sedan",23.01593,3092.936,110.752,13.8858,386.52221
1986,"Sedan",23.72402,3040.673,110.8588,13.2412,374.71873
1987,"Sedan",23.80659,3030.906,112.4524,13.3411,373.4265
1988,"Sedan",24.14857,3046.537,115.9074,13.2717,368.01608
1989,"Sedan",23.70987,3099.266,120.9978,12.4652,374.83716
1990,"Sedan",23.33429,3175.9,128.5061,11.3542,380.87347
1991,"Sedan",23.42825,3153.67,132.2115,11.2824,379.38525
1992,"Sedan",23.06995,3239.88,140.5106,10.7402,385.24953
1993,"Sedan",23.45914,3207.167,138.2942,10.1248,378.82894
1994,"Sedan",23.273,3249.686,142.8141,9.9253,381.86337
1995,"Sedan",23.44355,3262.62,152.4623,9.7956,379.10881
1996,"Sedan",23.33458,3281.749,154.1331,10.1113,380.88755
1997,"Sedan",23.37244,3274.061,156.0286,10.0287,380.26313
1998,"Sedan",23.36801,3305.987,159.0853,10.1931,380.37277
1999,"Sedan",23.00469,3364.561,163.9751,10.0517,386.37387
2000,"Sedan",22.91435,3369.209,167.93,9.5095,387.91299
2001,"Sedan",23.04554,3379.627,168.4034,9.328,385.71846
2002,"Sedan",23.0846,3391.217,172.9148,9.3208,385.11456
2003,"Sedan",23.27673,3416.898,176.1243,9.1145,381.92366
2004,"Sedan",23.14043,3461.634,182.5044,8.9634,384.15892
2005,"Sedan",23.49079,3462.705,182.1716,8.9322,378.50244
2006,"Sedan",23.2994,3534.091,193.965,8.7246,381.67414
2007,"Sedan",24.10789,3507.31,189.401,8.8438,368.65941
2008,"Sedan",24.26732,3526.893,192.865,8.8335,366.24424
2009,"Sedan",25.33789,3464.462,183.8245,8.8638,351.01316
2010,"Sedan",26.16218,3474.093,186.6923,8.8157,340.06486
2011,"Sedan",25.8217,3559.086,198.5117,8.5097,344.45887
2012,"Sedan",27.59971,3451.78,188.7913,8.5831,322.10411
2013,"Sedan",28.35773,3465.189,193.9407,8.4263,313.18409
2014,"Sedan",28.38531,3496.549,197.0531,8.3639,312.95857
2015,"Sedan",29.00986,3488.66,196.2541,8.3238,305.73846
2016,"Sedan",29.2051,3468.065,197.0935,8.2606,303.3207
2017,"Sedan",30.18222,3470.57,193.5764,8.3129,292.68457
2018,"Sedan",30.76312,3534.827,205.8925,8.0268,285.55007
2019,"Sedan",30.8747,3511.966,204.1421,8.0626,284.92422
2020,"Sedan",31.73102,3509.661,205.5109,7.9452,276.70049
2021,"Sedan",32.24863,3562.35,214.4267,7.8093,270.19125
1978,"SUV",12.2864,4281.723,149.658,13.2041,723.31987
1979,"SUV",10.53097,4560.526,145.2456,14.7896,844.01701
1980,"SUV",13.18631,4236.831,130.7478,15.6591,675.57737
1981,"SUV",14.30158,4208.028,131.5149,15.3652,621.39972
1982,"SUV",14.69788,4494.407,132.9675,16.7648,615.95999
1983,"SUV",15.79468,4269.657,126.9095,15.4758,567.83767
1984,"SUV",16.19242,4048.509,121.6039,15.6413,550.59585
1985,"SUV",16.53857,4092.154,123.3431,15.4168,538.48011
1986,"SUV",17.03397,3957.881,127.7072,13.9675,522.709
1987,"SUV",17.27386,3881.943,137.2537,13.5067,514.79052
1988,"SUV",17.0231,3905.607,144.0111,13.302,522.29497
1989,"SUV",16.55267,4086.103,155.6757,12.3602,537.09712
1990,"SUV",16.43622,4098.31,155.1478,11.6701,540.92197
1991,"SUV",16.73325,4157.233,161.5263,11.5591,531.2422
1992,"SUV",16.20331,4203.692,169.592,11.043,548.46809
1993,"SUV",16.29119,4331.199,178.9183,10.1151,545.50973
1994,"SUV",16.00656,4331.104,180.459,10.0572,555.20998
1995,"SUV",15.99832,4323.131,177.4035,10.4003,555.49574
1996,"SUV",16.22709,4386.1,188.6074,10.5206,547.67933
1997,"SUV",16.13144,4463.251,190.4155,10.4697,550.92239
1998,"SUV",16.16263,4450.325,191.7499,10.7407,549.855
1999,"SUV",16.07409,4518.425,203.7447,10.3775,552.87737
2000,"SUV",16.00646,4601.991,206.1898,9.9684,555.2134
2001,"SUV",16.41337,4545.642,212.8739,9.5676,541.44899
2002,"SUV",16.30933,4636.362,228.6712,9.3682,544.90294
2003,"SUV",16.4241,4753.709,233.4263,9.2635,541.09524
2004,"SUV",16.47329,4755.849,240.1446,9.0851,539.49009
2005,"SUV",16.73488,4755.554,243.8898,8.9388,531.1998
2006,"SUV",17.16238,4715.404,239.5535,9.0027,517.97437
2007,"SUV",17.67824,4797.28,251.7269,8.9071,502.87029
2008,"SUV",18.18794,4727.397,249.9136,8.9358,488.89608
1988,"Truck",17.84776,3791.418,133.5523,13.2918,497.93369
1989,"Truck",17.16437,4022.897,140.7301,12.5139,517.75859
1990,"Truck",17.49419,3993.652,142.122,11.7299,507.99712
1991,"Truck",17.59174,3985.917,147.212,11.5737,505.18016
1992,"Truck",17.18071,4177.562,145.0468,11.7361,517.26616
1993,"Truck",17.62748,4108.893,154.1466,10.5325,504.1561
1994,"Truck",17.72991,4097.069,153.1392,10.5642,501.24327
1995,"Truck",16.80623,4321.994,161.7731,10.659,528.79187
1996,"Truck",17.64848,4064.648,147.1539,11.4674,503.55611
1997,"Truck",17.41221,4293.167,185.8111,10.3718,510.38888
1998,"Truck",17.0545,4277.013,184.419,10.6451,521.09421
1999,"Truck",16.62278,4279.76,187.0795,10.5923,534.62791
2000,"Truck",16.67673,4309.321,190.009,10.0971,532.89817
2001,"Truck",16.04787,4561.243,218.6324,9.3248,553.78078
2002,"Truck",16.20857,4518.823,216.6263,9.4641,548.29032
2003,"Truck",16.14353,4591.822,216.8623,9.4456,550.49916
2004,"Truck",15.61003,5139.911,245.0178,9.3773,569.31359
2005,"Truck",15.38339,5287.547,250.2583,9.3444,577.70111
2006,"Truck",15.27859,5369.391,256.011,9.3864,581.66357
2007,"Truck",15.64811,5259.088,249.5498,9.5001,567.92791
2008,"Truck",15.99255,5174.524,244.2998,9.6408,555.6964
2009,"Truck",16.84331,5278.43,267.1685,8.6967,527.6279
2010,"Truck",16.6484,5485.704,279.996,8.6378,533.80507
2011,"Truck",17.4725,5372.688,312.5397,8.0532,508.62786
2012,"Truck",17.33692,5806.942,350.5347,7.563,512.6054
2013,"Truck",17.55108,5796.062,364.0788,7.3931,506.35062
2014,"Truck",17.49864,5786.603,361.6622,7.4414,507.86812
2015,"Truck",18.99688,4947.472,353.2218,6.8837,467.81373
2016,"Truck",19.06322,4938.818,348.9258,6.9379,466.18557
2017,"Truck",19.45647,4974.501,355.6521,6.6769,456.76319
2018,"Truck",19.78632,5019.183,379.2803,6.0312,449.98236
2019,"Truck",20.22345,4934.152,361.8281,6.1522,439.88349
2020,"Truck",19.80411,5044.621,365.0193,6.1565,448.87455
2021,"Truck",20.92298,5106.379,352.5546,6.1918,424.98926
1978,"Sedan",15.82507,3884.874,130.0941,13.8785,561.57712
1979,"Sedan",16.34955,3620.699,119.2546,14.531,543.5622
1980,"Sedan",19.14727,3186.485,105.2723,15.0135,464.13925
1981,"Sedan",19.91488,3064.592,100.8547,15.1151,446.24925
1982,"Sedan",20.90542,3054.248,96.4577,16.8706,425.10507
1983,"Sedan",20.36662,3212.402,106.4655,14.7455,436.35134
1984,"Sedan",21.57953,3189.431,105.6298,14.6153,412.41157
1985,"Sedan",22.13667,3200.603,118.6718,13.4627,401.64565
1986,"Sedan",22.70129,3213.291,118.0022,12.8655,391.61652
1987,"Sedan",22.55928,3231.829,114.7558,13.3449,394.00263
1988,"Sedan",22.85407,3248.501,125.3877,12.8852,388.85849
1989,"Sedan",22.77558,3288.747,119.8419,12.7351,390.1987
1990,"Sedan",22.15135,3401.491,125.7492,11.7848,401.19473
1991,"Sedan",22.87536,3280.01,131.8364,11.5394,388.4966
1992,"Sedan",22.3851,3429.011,145.4215,10.8697,397.00522
1993,"Sedan",23.22283,3295.962,134.675,10.5032,382.68369
1994,"Sedan",22.63123,3405.056,142.3863,10.1874,392.68737
1995,"Sedan",22.99291,3366.863,146.4957,10.2443,386.51042
1996,"Sedan",21.7827,3494.916,156.8767,10.3322,407.98438
1997,"Sedan",22.23177,3425.289,153.8721,10.3298,399.74316
1998,"Sedan",22.57513,3350.481,152.4533,10.4515,393.66332
1999,"Sedan",22.32741,3416.017,163.2665,10.064,398.03086
2000,"Sedan",22.14869,3446.035,173.4955,9.4664,401.24264
2001,"Sedan",21.81937,3465.014,166.9637,9.4439,407.29873
2002,"Sedan",21.93167,3460.85,169.2683,9.4783,405.21307
2003,"Sedan",21.51818,3607.791,182.4237,9.1696,412.99954
2004,"Sedan",20.75075,3713.784,192.2474,8.8719,428.27377
2005,"Sedan",21.74315,3638.919,184.6111,8.9388,408.72638
2006,"Sedan",21.54785,3675.684,194.6832,8.6931,412.431
2007,"Sedan",22.19759,3582.654,188.4128,8.8927,400.35879
2008,"Sedan",22.49849,3666.873,206.9767,8.5112,395.00422
2009,"Sedan",23.41516,3557.351,193.7145,8.6291,379.54041
2010,"Sedan",24.69814,3596.055,198.101,8.4749,359.82468
2011,"Sedan",25.27838,3602.109,207.1983,8.3583,351.56531
2012,"Sedan",27.50035,3380.728,194.6808,8.223,323.09415
2013,"Sedan",28.3599,3536.752,202.0614,8.0706,313.19305
2014,"Sedan",28.06012,3474.653,200.4246,8.0971,316.51117
2015,"Sedan",27.65721,3597.71,213.3003,7.9734,321.13369
2016,"Sedan",28.01381,3558.904,204.503,8.0876,316.02651
2017,"Sedan",27.70497,3717.297,213.1293,8.0251,319.28541
2018,"Sedan",28.38424,3663.036,206.5437,8.1308,312.53746
2019,"Sedan",28.08554,3687.225,220.9885,7.8867,315.33004
2020,"Sedan",25.83042,3835.549,260.4481,7.2313,343.28719
2021,"Sedan",29.94343,4336.613,369.4195,4.6413,258.51685
1978,"SUV",11.23276,5000,164.9601,13.927,791.16824
1979,"SUV",9.32572,5000,177,13.6594,952.95559
1980,"SUV",11.84776,4738.081,142.005,15.7473,750.09947
1981,"SUV",12.8428,4686.098,136.7568,15.8575,691.98321
1982,"SUV",12.52853,4676.692,137.6098,16.8811,709.34094
1983,"SUV",12.97625,4673.315,136.9439,15.5719,684.86641
1984,"SUV",15.59458,3988.598,118.8089,16.0822,569.87738
1985,"SUV",15.99505,3977.593,126.5018,14.934,555.61185
1986,"SUV",16.84002,3975.488,145.6565,12.6884,527.7309
1987,"SUV",16.95075,3972.164,145.0166,12.8352,524.28368
1988,"SUV",16.55009,4004.306,148.9419,12.8599,536.97605
1989,"SUV",15.66953,4494.458,153.2214,13.0484,567.15176
1990,"SUV",15.19392,4584.336,160.1225,12.0199,584.90502
1991,"SUV",16.5834,4491.088,172.1609,11.4688,535.8973
1992,"SUV",16.37663,4501.691,170.6913,11.3292,542.66344
1993,"SUV",16.42573,4514.229,173.3766,10.5294,541.04127
1994,"SUV",16.41953,4511.45,173.0322,10.5095,541.24578
1995,"SUV",16.21199,4557.454,171.446,10.8423,548.17458
1996,"SUV",16.23994,4538.894,167.3941,11.4623,547.23108
1997,"SUV",15.42089,4762.139,190.7168,10.6853,576.29614
1998,"SUV",15.03314,4947.201,198.65,10.9602,591.16072
1999,"SUV",14.92764,5040.978,218.4447,10.3549,595.33872
2000,"SUV",15.14305,5009.859,220.6537,9.8102,586.86975
2001,"SUV",17.02483,4429.136,210.2609,9.3126,522.0024
2002,"SUV",15.9322,4552.089,219.625,9.2399,557.80119
2003,"SUV",15.48812,4958.373,231.8413,9.3069,573.79468
2004,"SUV",15.56551,4915.873,229.8399,9.3261,570.94189
2005,"SUV",16.2322,4760.4,232.529,9.211,547.49205
2006,"SUV",16.27771,4947.223,236.4896,9.2816,545.96135
2007,"SUV",17.02911,4736.041,236.3425,9.0516,521.87121
2008,"SUV",18.00247,4582.486,224.9824,9.3371,493.65448
2009,"SUV",19.26984,4468.407,238.2053,8.4917,461.1871
2010,"SUV",18.51304,4716.972,244.2374,8.7013,480.04003
2011,"SUV",19.58859,4725.046,268.657,8.1351,453.68246
2012,"SUV",19.75273,4658.53,264.1008,8.1471,449.91238
2013,"SUV",20.78488,4677.863,272.352,8.0129,427.57034
2014,"SUV",20.84919,4685.786,269.803,8.0757,426.25161
2015,"SUV",20.86508,4735.173,281.6925,7.8774,425.92703
2016,"SUV",20.74122,4730.018,282.2668,7.8701,428.47047
2017,"SUV",20.7964,4728.932,279.6629,7.9078,427.33361
2018,"SUV",21.38678,4634.528,270.7666,8.0341,415.53713
2019,"SUV",21.58911,4746.46,274.4183,7.8609,411.64276
2020,"SUV",23.54336,4616.951,280.4727,7.1646,377.29949
2021,"SUV",23.15906,4551.433,271.174,7.2265,383.48811
2002,"Van",16.23729,5000,193,10.7733,547.32029
2003,"Van",16.18822,5000,193,10.6798,548.97934
2004,"Van",17.25561,5000,195,10.6295,515.02089
2005,"Van",17.30949,5000,195,10.564,513.41774
2006,"Van",19.16081,4500,244,8.6758,463.81128
2007,"Van",19.16081,4500,244,8.7507,463.81128
2008,"Van",19.16081,4500,244,8.8051,463.81128
2009,"Van",19.16081,4500,250,8.4784,463.81127
2010,"Van",19.84192,4500,250,8.5694,447.89004
2011,"Van",21.27521,4500,271,7.9616,417.71614
2012,"Van",21.27521,4500,271,7.9616,417.71614
2014,"Van",20.24938,4500,269,7.9979,438.87768
2015,"Van",20.8364,4557.714,276,7.9611,426.5132
2016,"Van",20.8993,4529.465,276,7.9339,425.22951
2017,"Van",20.99182,4512.244,276,7.9174,423.35546
2018,"Van",20.87212,4565.842,276,7.9689,425.78323
2019,"Van",21.1284,4757.516,276,7.6837,420.61865
2020,"Van",21.13532,4755.703,276,7.6821,420.48097
2021,"Van",21.1445,4737.321,276,7.6654,420.29838
1993,"Sedan",26.13454,2750,82,13.2787,340.048
1994,"Sedan",26.9255,2750,88,12.0647,330.05882
1995,"Sedan",25.43451,2750,98.9203,11.6378,349.40712
1996,"Sedan",23.65191,2750,121.2345,10.4748,375.74135
1997,"Sedan",25.09654,2750,120.8954,10.4222,354.11249
1998,"Sedan",24.99207,2750,125,10.5987,355.59276
1999,"Sedan",24.91347,2750,125,10.5411,356.71471
2000,"Sedan",24.15929,2750,125,10.0721,367.85027
2001,"Sedan",24.30399,2777.013,117.6811,10.5068,365.66012
2002,"Sedan",23.52441,2996.641,119.4941,11.1136,377.77778
2003,"Sedan",24.04599,3004.614,123.2827,10.7065,369.58341
2004,"Sedan",23.13628,3257.404,139.8928,10.2986,384.11534
2005,"Sedan",23.3251,3239.244,142.3395,10.0803,381.00584
2006,"Sedan",25.69663,3134.751,139.7392,10.0732,345.84301
2007,"Sedan",26.02557,3214.751,145.8223,10.0516,341.47185
2008,"Sedan",26.23691,3223.861,145.5368,10.1068,338.72126
2009,"Sedan",27.28234,3114.313,142.1909,9.9558,325.74189
2010,"Sedan",28.11038,3039.515,150.5327,9.4703,316.14661
2011,"Sedan",28.12554,3123.862,161.6113,9.1002,315.97611
2012,"Sedan",28.35231,3165.95,174.0209,8.4348,313.44884
2013,"Sedan",28.49828,3191.066,175.3382,8.4422,311.8434
2014,"Sedan",27.58105,3196.983,171.9297,8.5795,322.21394
2015,"Sedan",27.63014,3264.349,175.5133,8.5276,321.4821
2016,"Sedan",28.90753,3154.485,162.1776,8.7819,306.90812
2017,"Sedan",31.70933,3186.199,155.4369,8.8185,279.57819
2018,"Sedan",30.60687,3266.92,165.6438,8.6949,289.76888
2019,"Sedan",31.91637,3259.794,162.2625,8.7319,276.85203
2020,"Sedan",32.81806,3165.082,157.9948,8.767,269.26247
2021,"Sedan",33.37512,3170.214,158.8203,8.6067,265.85022
1989,"Van",18.96781,3998.451,142.2852,13.4874,468.53064
1990,"Van",16.97351,3999.801,146.5241,12.5889,523.5805
1991,"Van",16.98451,3998.939,146.1468,12.7474,523.2413
1992,"Van",17.79179,4081.306,152.8124,12.1029,499.5001
1993,"Van",17.86285,4050.358,155,11.1461,497.5129
1994,"Van",17.74016,4067.078,150.595,11.5037,500.9539
1995,"Van",17.32797,4089.016,152,11.7442,512.8701
1996,"Van",17.18332,4133.196,152,12.1742,517.1875
1997,"Van",16.91877,4178.131,152,12.2342,525.2747
1998,"Van",16.44111,4287.192,152,12.8271,540.5351
2000,"Van",18.73618,4000,170,10.8745,474.3229
2001,"Van",18.74688,4000,160,11.1412,474.0522
2002,"Van",19.28237,4000,200,9.6766,460.8874
2003,"Van",19.26793,4000,200,9.3122,461.2328
2004,"Van",19.19993,4000,200,9.3293,462.8662
2005,"Van",19.10595,4000,200,9.2718,465.143
2006,"Van",19.04093,4000,200,9.3526,466.7315
2008,"Van",24.0956,3500,153,10.6323,368.8224
2009,"Van",23.77998,3500,153,10.3938,373.7177
2010,"Van",24.10831,3500,153,10.4975,368.628
2012,"Van",24.70481,3500,157,10.2669,359.7275
2013,"Van",24.73984,3500,157,10.2654,359.2182
2014,"Van",24.77774,3500,157,10.2728,358.6687
2015,"Van",24.77294,3500,157,10.2981,358.7382
1978,"Truck",26.9445,3000,66.7556,18.4613,329.8261
1979,"Truck",25.671,3000,72,18.2882,346.1884
1980,"Truck",25.61521,2907.245,75.9376,17.6611,346.9423
1981,"Truck",26.36045,2885.089,76.1117,17.548,337.1338
1982,"Truck",26.88853,2920.562,72.0141,19.4523,340.2
1983,"Truck",26.05459,2907.946,74.8448,17.2945,343.3273
1984,"Truck",25.27443,2860.102,76.754,16.8034,352.452
1986,"Truck",23.55296,3000,80,15.6374,377.3199
1987,"Truck",22.17734,3061.71,84.5988,15.5545,400.7243
1988,"Truck",22.22469,3030.32,86.034,15.4437,399.8705
1989,"Truck",21.99083,3055.176,88.9726,14.7143,404.123
1990,"Truck",21.63027,3116.311,94.7973,13.5062,410.8593
1991,"Truck",21.35071,3165.617,98.486,13.4113,416.2391
1992,"Truck",21.21351,3177.583,97.7687,13.1799,418.9311
1993,"Truck",21.42266,3090.655,91.4684,12.6662,414.8412
1994,"Truck",20.2488,3573.414,135.6016,10.5508,438.8902
1995,"Truck",22.04093,3591.681,122.5034,11.4447,403.2043
1998,"Truck",20.17108,3612.098,133.0397,11.7747,440.5814
1999,"Truck",19.52939,3664.177,133.5738,11.8278,455.0578
2000,"Truck",19.25178,3637.557,138.669,11.078,461.6197
2001,"Truck",18.64752,3617.315,147.4748,10.3725,476.5781
2002,"Truck",18.90015,3733.648,151.0547,10.5676,470.208
2003,"Truck",19.82155,3720.065,149.8392,10.4788,448.3505
2004,"Truck",19.89909,3698.751,152.59,10.3518,446.6033
2005,"Truck",19.76153,3698.646,152.5858,10.3558,449.7122
2006,"Truck",20.60746,3642.587,150.3048,10.3999,431.2516
2007,"Truck",20.6646,3627.549,149.4511,10.4755,430.0592
2008,"Truck",20.75574,3597.844,155.1423,10.2919,428.1708
2009,"Truck",22.25646,3545.455,148.8182,10.2346,399.2997
1978,"Sedan",30.15514,2269.028,54.1195,17.9383,294.7093
1979,"Sedan",21.85867,2553.769,91.7479,14.7273,406.5664
1980,"Sedan",22.1758,2558.682,78.3664,16.061,400.7522
1981,"Sedan",26.42112,2448.511,76.5398,15.7567,336.3597
1982,"Sedan",24.99413,2522.581,78.9192,16.8161,355.5635
1983,"Sedan",24.5849,2493.315,84.6217,14.4615,361.4821
1984,"Sedan",25.59263,2548.209,84.6495,14.683,347.4482
1985,"Sedan",25.28988,2546.579,84.6409,14.5039,351.5943
1986,"Sedan",24.98897,2693.095,102.3162,12.7446,355.6369
1987,"Sedan",24.73318,2715.668,104.4024,12.8181,359.3149
1988,"Sedan",23.98438,2870.296,113.2654,12.6018,370.5328
1989,"Sedan",24.73892,2857.314,108.0961,12.5451,359.2316
1990,"Sedan",25.0359,2869.85,114.2833,11.2071,354.9703
1991,"Sedan",25.16418,2865.582,112.9198,11.3921,353.1607
1992,"Sedan",25.30253,2898.366,118.5412,11.0516,351.2298
1993,"Sedan",24.87249,2889.551,123.2308,10.0759,357.3025
1994,"Sedan",24.98103,2877.15,119.3632,10.177,355.75
1995,"Sedan",25.1824,2981.212,123.3303,10.6664,352.9053
1996,"Sedan",25.75533,2895.248,117.6971,11.2348,345.0548
1997,"Sedan",25.11996,2914.356,118.6981,11.195,353.7824
1998,"Sedan",24.35268,3017.585,124.9985,11.4511,364.929
1999,"Sedan",24.36934,2925.695,128.5508,10.8067,364.6795
2000,"Sedan",24.1325,2955.086,128.7726,10.4123,368.2586
2001,"Sedan",23.49263,3035.512,135.2325,10.0335,378.2888
2002,"Sedan",23.5601,3075.766,137.9002,10.0286,377.2056
2003,"Sedan",23.78377,3160.194,151.6677,9.4697,373.6582
2004,"Sedan",22.28092,3292.425,184.402,8.4204,398.8614
2005,"Sedan",23.26105,3237.805,171.4746,8.771,382.055
2006,"Sedan",23.94297,3215.617,171.8628,8.64,371.1737
2007,"Sedan",24.45399,3193.914,165.3953,8.9698,363.4171
2008,"Sedan",25.15415,3132.502,161.6856,9.0744,353.3016
2009,"Sedan",24.67233,3292.237,175.4967,8.6604,360.201
2010,"Sedan",26.30099,3245.549,163.5392,8.9735,337.896
2011,"Sedan",26.74653,3127.316,153.7635,9.2973,332.2673
2012,"Sedan",29.11001,3089.133,156.5178,8.9939,305.2902
2013,"Sedan",29.86881,2997.372,153.3085,9.0004,297.5344
1978,"Sedan",16.36842,3064.91,128.0398,11.541,542.9358
1979,"Sedan",16.65964,3150.911,132.3903,12.4413,533.445
1980,"Sedan",21.26065,3064.127,121.9733,13.1366,418.0023
1981,"Sedan",21.75489,3004.663,117.2526,13.2577,408.5059
1982,"Sedan",21.58696,2979.731,118.4601,14.0209,411.6838
1983,"Sedan",21.55032,3019.453,126.4492,12.4652,412.3837
1984,"Sedan",22.98238,2904.958,122.4933,12.222,386.6876
1985,"Sedan",21.66213,3190.847,129.0693,12.2581,411.7606
1986,"Sedan",21.24636,3232.12,132.4146,11.4399,418.8914
1987,"Sedan",20.3318,3235.812,146.9155,10.8622,437.0986
1988,"Sedan",18.00466,3576.618,176.5322,10.5906,493.5943
1989,"Sedan",18.31651,3493.828,184.3465,9.7062,485.1906
1990,"Sedan",18.40974,3583.578,187.0657,9.139,482.7335
1991,"Sedan",19.14252,3557.409,182.554,9.3895,464.2545
1992,"Sedan",19.93818,3648.426,185.8097,9.1851,445.7278
1993,"Sedan",20.90851,3639.718,194.3674,8.4353,425.0422
1994,"Sedan",20.75436,3660.418,197.7352,8.3621,428.1991
1995,"Sedan",20.84278,3760.445,203.0469,8.5608,426.3827
1996,"Sedan",22.34681,3453.167,180.8876,9.1241,397.6855
1997,"Sedan",21.05099,3571.687,202.2726,8.5796,422.1654
1998,"Sedan",20.72315,3594.954,205.4915,8.7308,428.844
1999,"Sedan",20.66633,3675.658,198.8889,8.9002,430.0231
2000,"Sedan",20.19204,3680.878,198.3757,8.5262,440.1239
2001,"Sedan",20.1943,3734.253,220.3529,7.8922,440.0747
2002,"Sedan",21.10937,3684.404,217.423,8.1156,420.9979
2003,"Sedan",21.46344,3585.58,209.9383,8.1265,414.053
2004,"Sedan",21.19136,3596.285,214.1701,8.0073,419.3691
2005,"Sedan",21.63849,3509.464,208.02,8.0184,410.7034
2006,"Sedan",21.72526,3628.155,229.3025,7.6008,409.063
2007,"Sedan",22.14516,3697.122,242.799,7.4041,401.3066
2008,"Sedan",21.88759,3793.657,255.9773,7.3073,406.0292
2009,"Sedan",22.79797,3691.673,241.6699,7.3772,390.1023
2010,"Sedan",22.83847,3706.085,248.1492,7.3888,389.6629
2011,"Sedan",23.20552,3856.999,254.5816,7.2119,383.7784
2012,"Sedan",25.02022,3741.3,251.9989,7.2755,355.1927
2013,"Sedan",25.79631,3779.41,259.6531,6.9635,344.5066
2014,"Sedan",27.21624,3855.247,259.1068,6.8858,326.5971
2015,"Sedan",27.10611,3799.243,254.9992,6.8996,326.7638
2016,"Sedan",26.61715,3862.926,254.3848,6.8702,333.2216
2017,"Sedan",27.91449,3840.788,243.9759,6.9635,314.6701
2018,"Sedan",27.31841,3947.906,258.3948,6.7454,321.7943
2019,"Sedan",27.61696,3919.593,259.6088,6.7872,317.557
2020,"Sedan",27.08252,4010.426,286.8702,6.5686,326.5558
2021,"Sedan",27.78066,3998.922,280.5308,6.43,316.3767
2000,"SUV",14.30324,5000,282,8.1471,621.3278
2001,"SUV",15.6503,4797.2,246.7278,8.8528,567.8485
2002,"SUV",16.33352,5000,242.6807,9.3534,544.096
2003,"SUV",16.23491,5000,244.2155,9.2353,547.4005
2004,"SUV",17.4499,4507.58,228.2918,9.1258,509.2866
2005,"SUV",17.22956,4561.927,239.2847,8.8612,515.7995
2006,"SUV",17.19659,4542.519,242.1816,8.8243,516.7885
2007,"SUV",18.8441,4581.096,274.7487,8.0051,471.6066
2008,"SUV",18.45165,4752.617,278.13,8.1485,481.637
2009,"SUV",18.27006,4983.638,284.087,8.0953,491.0807
2010,"SUV",18.92469,4935.214,291.5804,8.1156,480.0364
2011,"SUV",20.27729,4963.965,299.9279,7.4256,447.3399
2012,"SUV",20.07309,5026.968,299.6282,7.4679,452.807
2013,"SUV",20.63551,4725.611,289.9399,7.1693,432.8582
2014,"SUV",22.73428,4602.333,285.6711,7.1334,393.2592
2015,"SUV",22.65351,4803.38,294.3128,7.2242,397.3735
2016,"SUV",22.39334,4704.794,286.866,7.1311,395.8338
2017,"SUV",22.54566,4650.112,284.4615,7.0934,393.4359
2018,"SUV",22.91331,4852.465,293.5398,7.1216,386.9586
2019,"SUV",23.57111,4867.437,313.8456,6.9641,377.0293
2020,"SUV",23.12327,4834.314,336.1031,6.6093,383.4028
2021,"SUV",23.58403,5009.035,327.4817,6.0231,369.1105
1995,"SUV",19.9385,3500,110.1362,12.7015,445.7206
1996,"SUV",18.80698,3500,130,12.0952,472.5372
1997,"SUV",19.5149,3500,130,11.9764,455.3957
1998,"SUV",19.74496,3500,130,12.4269,450.0895
1999,"SUV",19.66743,3500,130,12.3873,451.8639
2000,"SUV",18.92064,3500,130,11.864,469.6988
2001,"SUV",18.38573,3500,130,11.7344,483.3639
2002,"SUV",18.55475,3500,130,11.8581,478.9609
2003,"SUV",15.63242,4500,192,10.2356,568.498
2004,"SUV",16.00469,4500,192,10.1831,555.2747
2005,"SUV",16.73102,4427.671,189.1574,9.9293,531.1692
2006,"SUV",17.00739,4388.995,187.4373,10.0688,522.5374
2007,"SUV",18.4503,4245.388,215.5179,9.5389,481.6725
2008,"SUV",18.65894,4238.581,208.3286,9.7822,476.2865
2009,"SUV",19.35772,4245.434,215.3929,9.4343,459.0933
2010,"SUV",20.2741,4000,172.5316,10.6071,438.3425
2011,"SUV",22.80526,4056.397,211.943,9.0114,389.6909
2012,"SUV",23.39133,3541.379,182.9517,9.0942,379.9271
2013,"SUV",23.39044,3541.859,183.0323,9.0925,379.9415
2014,"SUV",22.48642,3567.123,192.4712,8.833,395.2164
2015,"SUV",22.64596,3507.383,183.1517,9.021,392.4321
2016,"SUV",21.93334,4224.569,250.2765,8.1781,405.1823
2017,"SUV",22.25554,4230.607,234.3436,8.623,399.3164
2018,"SUV",22.39992,4192.465,225.5452,8.8119,396.7425
2019,"SUV",23.31731,4160.095,225.877,8.5343,381.1332
2020,"SUV",22.97482,4260.616,243.5571,8.1459,386.8148
2021,"SUV",24.75826,4054.526,228.2126,8.2335,358.9508
2014,"Sedan",32.2234,3138.768,162.496,8.7685,275.7934
2015,"Sedan",32.58697,3185.374,167.599,8.5166,272.7164
2016,"Sedan",32.48981,3123.836,163.7314,8.5834,273.5319
2017,"Sedan",31.45438,3205.841,167.3299,8.5699,282.5362
2018,"Sedan",30.90383,3383.682,178.8617,8.4117,287.5695
2019,"Sedan",30.51457,3247.739,174.2656,8.4779,291.2379
2020,"Sedan",30.31753,3380.331,185.9372,8.2106,293.1307
2021,"Sedan",29.96929,3400.545,190.5638,8.0919,296.5369
1991,"SUV",17.15016,4329.707,170,11.1816,518.1877
1992,"SUV",17.0923,4500,170,11.0568,519.9417
1993,"SUV",17.12692,4500,170,10.4829,518.8908
1994,"SUV",16.89646,4382.8,170,10.3409,525.968
2001,"SUV",19.16299,3500,197.1563,8.8665,463.7585
2002,"SUV",19.23216,3500,197.9363,8.9774,462.0906
2003,"SUV",19.04519,3500,199.1526,8.8615,466.627
2004,"SUV",18.97797,3500,198.8035,8.8886,468.2799
2005,"SUV",19.03466,3916.056,192.1093,9.6679,466.8851
2006,"SUV",19.60956,3850.216,185.5777,9.8771,453.1973
2007,"SUV",18.63673,4210.511,251.9994,7.8419,476.8541
2008,"SUV",18.77463,4303.341,256.0524,8.075,473.3515
2009,"SUV",18.54195,4357.172,263.1744,7.7005,479.2915
2010,"SUV",18.58884,4407.629,266.2725,7.7813,478.0825
2011,"SUV",19.60595,4422.994,267.5853,7.7796,453.2807
2012,"SUV",19.59921,4497.196,272.8374,7.7442,453.4366
2013,"SUV",23.33215,3967.471,209.6291,9.0494,380.8908
2014,"SUV",24.25751,4102.04,206.816,9.1562,366.3608
2015,"SUV",24.44917,4125.088,206.6792,9.1608,363.4889
2016,"SUV",26.24295,4052.669,191.0505,9.4268,338.6434
2017,"SUV",25.78301,4079.494,193.3596,9.3834,344.6844
2018,"SUV",26.33685,4134.91,197.788,9.2591,337.4475
2019,"SUV",26.036,4118.83,202.7336,9.0547,341.5358
2020,"SUV",26.43071,4014.074,198.5681,9.0808,336.2377
2021,"SUV",26.22289,3999.234,201.1459,8.9666,338.9024
1978,"Van",17.04923,3500,67,20.8615,521.2552
1979,"Van",15.9526,3500,67,22.3028,557.0879
1980,"Van",16.23834,3618.598,67,23.1548,547.2849
1981,"Van",15.77375,3644.345,67,23.2164,563.4043
1982,"Van",18.4214,3668.109,61.2574,26.6947,501.9769
1983,"Van",16.40269,3624.963,69.4944,22.2107,542.9117
1984,"Van",17.55792,3627.184,82,19.6537,506.1534
1985,"Van",18.07195,3655.82,82,19.5303,491.7564
1986,"Van",16.24821,3764.429,90,17.7287,546.9526
1987,"Van",15.94053,3818.33,90,18.2484,557.5098
1988,"Van",16.66828,3867.576,90,18.7211,533.1684
1989,"Van",17.37851,4042.488,90,18.5029,511.3786
1990,"Van",17.25345,4020.185,90,17.566,515.0854
1991,"Van",17.31016,4021.252,90,17.4911,513.3979
1993,"Van",17.37462,4157.136,109,13.9227,511.4932
1994,"Van",16.64699,4259.921,109,13.8822,533.8502
1995,"Van",16.06995,5000,109,16.4835,553.0196
1997,"Van",15.26704,5490.012,140,14.9089,582.1036
1999,"Van",15.69945,4897.26,140,14.3261,566.0709
2000,"Van",15.57541,5115.55,140,14.0359,570.5789
2001,"Van",16.70315,4849.945,201,10.6274,532.0554
2002,"Van",16.7632,4638.341,201,10.5288,530.1495
2003,"Van",16.7027,4564.35,201,10.347,532.0696
1980,"Truck",26.66427,2264.887,64.8312,18.2935,348.4631
1981,"Truck",31.38921,2318.029,59.0751,19.0583,309.83
1982,"Truck",33.3225,2309.755,58.0665,20.4082,293.3889
1983,"Truck",30.34557,2378.792,65.1041,17.6085,309.6952
1994,"Sedan",26.88995,2665.798,98.0132,11.2774,330.4952
1995,"Sedan",25.35978,2812.677,112.0656,11.1502,350.4368
1996,"Sedan",26.78697,2720.394,108.7869,11.4277,331.7658
1997,"Sedan",25.35033,2820.059,115.9358,11.0817,350.5675
1998,"Sedan",24.89044,2830.568,114.6055,11.5777,357.0448
1999,"Sedan",24.8014,2948.388,126.3107,11.0382,358.3265
2000,"Sedan",24.35841,3024.411,129.7427,10.5466,364.8431
2001,"Sedan",25.04297,3071.863,132.294,10.2075,354.87
2002,"Sedan",24.81606,3101.131,134.9424,10.3529,358.1148
2003,"Sedan",24.09872,3162.441,140.7764,10.0383,368.7748
2004,"Sedan",23.40978,3247.34,146.3401,9.9434,379.6276
2005,"Sedan",23.96994,3179.397,142.4381,9.9707,370.756
2006,"Sedan",23.79473,3523.693,186.3917,8.9623,373.4861
2007,"Sedan",25.41812,3383.729,170.0118,9.4814,349.6325
2008,"Sedan",26.61769,3220.368,152.5708,9.9518,333.8757
2009,"Sedan",26.69144,3351.044,171.4252,9.2219,332.9531
2010,"Sedan",28.09456,3184.386,156.9693,9.6537,316.3245
2011,"Sedan",28.0698,3395.965,193.7327,8.308,316.6035
2012,"Sedan",29.45745,3281.959,185.8385,8.387,301.6893
2013,"Sedan",30.22002,3216.26,178.2203,8.4525,294.0766
2014,"Sedan",29.35392,3206.062,176.1845,8.4753,302.7535
2015,"Sedan",28.89971,3388.202,186.7343,8.3755,307.5117
2016,"Sedan",30.61303,3208.614,168.2121,8.6676,290.1891
2017,"Sedan",32.08435,3178.857,162.7015,8.7879,276.8023
2018,"Sedan",31.84539,3250.703,168.578,8.694,278.9248
2019,"Sedan",32.3432,3256.093,168.4693,8.6046,273.7096
2020,"Sedan",34.59077,3152.028,157.2046,8.7391,256.0995
2021,"Sedan",34.43917,3251.933,164.5575,8.6503,257.5291
2001,"SUV",19.30905,4000,173,10.4639,460.2506
2002,"SUV",18.97893,4000,173,10.6238,468.2562
2003,"SUV",18.71494,4000,177.8471,10.258,474.8614
2004,"SUV",18.27743,4000,184.6395,9.9506,486.2282
2005,"SUV",18.44626,4000,180.0242,10.1025,481.7778
2006,"SUV",18.36901,4208.139,182.4883,10.327,483.804
2007,"SUV",19.53076,4396.864,212.7223,9.7444,455.0258
2008,"SUV",19.67818,4425.463,217.971,9.6439,451.6171
2009,"SUV",19.8963,4468.721,213.4502,9.6539,446.6659
2010,"SUV",23.04121,3944.251,211.336,8.9085,385.7002
2011,"SUV",22.45286,3910.779,219.5907,8.6452,395.8071
2012,"SUV",22.46269,3841.346,209.2364,8.8282,395.6338
2013,"SUV",22.23085,3843.451,230.3224,8.2872,399.7599
2014,"SUV",21.43701,3968.37,245.9716,8.0368,414.5634
2015,"SUV",21.45946,3934,230.9804,8.3911,414.1297
2016,"SUV",20.63802,4340.867,290,7.366,430.6131
2017,"SUV",20.68381,4342.033,290,7.3616,429.6598
2018,"SUV",20.62821,4330.727,290,7.3462,430.8179
2019,"SUV",20.66645,4334.017,290,7.3428,430.0207
2020,"SUV",22.34544,4500,291,7.0052,397.7097
2021,"SUV",22.74397,4452.668,279.948,7.2532,390.7409
1986,"Sedan",29.50005,2500,68,15.9502,301.2538
1987,"Sedan",28.99627,2500,68,16.3799,306.4877
1988,"Sedan",28.69215,2500,68,16.6613,309.7363
1989,"Sedan",27.75856,2580.206,74.7373,15.6288,320.1535
1990,"Sedan",27.56661,2635.614,89.0456,12.9423,322.3828
1991,"Sedan",27.11118,2631.509,88.8602,13.1328,327.7984
1992,"Sedan",25.74401,2776.065,99.0156,12.3653,345.2065
1993,"Sedan",25.60753,2790.266,104.1224,11.2526,347.0463
1987,"SUV",15.74363,4000,134.3279,13.7825,564.4824
1988,"SUV",15.61528,4000,139.8655,13.3808,569.1219
1989,"SUV",15.91975,4000,144.8335,12.4925,558.2375
1990,"SUV",16.3444,4000,153,11.5309,543.7335
1991,"SUV",16.2842,4000,153,11.6256,545.7437
1992,"SUV",16.31671,4000,153,11.3522,544.6563
1993,"SUV",16.12362,4303.737,153,11.1087,551.1788
1994,"SUV",15.36549,4352.256,153,11.2125,578.3741
1995,"SUV",15.70723,4204.294,153,11.2467,565.7903
1996,"SUV",16.26922,4000,168,10.6544,546.2463
1997,"SUV",16.07981,4398.55,168,11.3229,552.6805
1998,"SUV",15.94193,4398.223,168,11.6951,557.4607
1999,"SUV",15.93207,4337.706,168.6996,11.5337,557.8057
2000,"SUV",15.68936,4422.794,169.8133,11.0973,566.4349
2001,"SUV",15.88509,4391.641,220.5138,9.3144,559.4553
2002,"SUV",15.74576,4422.498,213.821,9.6801,564.4057
2003,"SUV",17.138,4344.527,235.8229,8.8133,518.5553
2004,"SUV",15.85588,4941.92,270.572,8.4542,560.4862
2005,"SUV",16.74636,4852.034,274.0037,8.125,530.6824
2006,"SUV",16.85204,4881.347,272.9082,8.2255,527.3544
2007,"SUV",17.60486,4777.392,266.2758,8.3075,504.8037
2008,"SUV",17.95654,4782.036,269.2638,8.6479,494.9171
2009,"SUV",20.09643,4346.151,240.4664,8.4021,442.2178
2010,"SUV",19.14244,4558.304,244.407,8.6042,464.2564
2011,"SUV",19.76238,4552.888,244.3471,8.7028,449.6928
2012,"SUV",19.71066,4564.215,247.63,8.6124,450.8728
2013,"SUV",21.62129,4346.038,237.169,8.5505,411.0301
2014,"SUV",22.18444,4458.683,245.079,8.443,400.596
2015,"SUV",23.4858,4368.424,227.797,8.8563,378.3988
2016,"SUV",25.45938,4275.334,209.1731,9.3021,349.0658
2017,"SUV",23.8612,4510.102,244.6293,8.7134,372.4456
2018,"SUV",24.08321,4490.644,238.3325,8.8611,369.0123
2019,"SUV",23.35259,4585.289,259.3298,8.4138,380.5574
2020,"SUV",23.59678,4540.699,254.8312,8.4701,376.6192
2021,"SUV",25.09849,4341.268,225.1118,8.9841,354.0851
1985,"Sedan",27.96709,2708.479,91.1567,15.2047,317.9447
1986,"Sedan",27.34937,2760.516,97.1307,13.8217,325.0122
1987,"Sedan",27.79917,2831.097,106.7984,13.3749,319.6858
1988,"Sedan",27.46684,2786.256,104.8099,13.4685,323.5537
1989,"Sedan",26.65757,2835.797,110.3229,12.7242,333.3762
1990,"Sedan",25.39828,2961.291,121.3985,11.568,349.9056
1991,"Sedan",25.42933,2920.706,120.3914,11.6225,349.4783
1992,"Sedan",23.98421,3095.725,130.9996,11.1865,370.5355
1993,"Sedan",23.97802,3142.185,137.5112,10.1514,370.6311
1994,"Sedan",23.96944,3145.399,131.2895,10.3928,370.7637
1995,"Sedan",24.67417,3176.689,138.642,10.8147,360.1742
1996,"Sedan",24.17329,3204.138,133.795,11.0902,367.6372
1997,"Sedan",24.33018,3231.863,141.6446,10.8308,365.2664
1998,"Sedan",24.59167,3313.12,152.1865,10.6616,361.3826
1999,"Sedan",24.58709,3303.835,153.0361,10.5995,361.4498
2000,"Sedan",24.66741,3260.089,155.2616,9.8583,360.2729
2001,"Sedan",25.12699,3241.762,156.0293,9.8048,353.6834
2002,"Sedan",24.59561,3351.779,170.3487,9.4744,361.3247
2003,"Sedan",25.8023,3199.812,159.088,9.4068,344.4267
2004,"Sedan",25.9113,3295.236,162.0722,9.4026,342.9777
2005,"Sedan",27.2159,3223.415,153.3339,9.4453,326.5371
2006,"Sedan",27.01652,3235.627,157.9348,9.5069,328.9469
2007,"Sedan",27.34144,3361.625,169.3895,9.2541,325.0378
2008,"Sedan",28.05755,3321.815,163.9638,9.3416,316.7418
2009,"Sedan",28.30517,3314.942,153.9206,9.5363,313.9709
2010,"Sedan",30.38841,3334.501,151.7469,9.5425,292.447
2011,"Sedan",28.25845,3470.209,170.6304,8.9977,314.49
2012,"Sedan",31.10376,3389.316,156.2479,9.2175,285.7227
2013,"Sedan",30.98661,3404.818,162.4878,9.1312,286.7967
2014,"Sedan",30.8788,3415.053,164.771,8.9391,287.804
2015,"Sedan",31.17174,3406.72,162.9699,9.0158,285.0987
2016,"Sedan",31.07472,3365.009,163.1043,9.0092,285.8986
2017,"Sedan",31.90273,3367.882,159.782,9.0564,277.2901
2018,"Sedan",33.23686,3438.783,179.5908,8.4485,266.5943
2019,"Sedan",33.25223,3468.863,184.1151,8.2801,266.63
2020,"Sedan",34.73528,3445.205,177.0508,8.0728,255.0724
2021,"Sedan",34.56245,3505.32,180.7745,8.1702,255.8171
1978,"SUV",9.83081,4500,125,15.54,903.9948
1979,"SUV",11.33285,4500,125,15.1469,784.1808
1980,"SUV",11.74098,4001.328,125,14.7106,756.9215
1981,"SUV",12.16498,4238.566,125,15.1456,730.5397
1982,"SUV",12.10577,4341.951,125,16.3683,734.1125
1983,"SUV",12.03737,4462.664,125,15.2322,738.2841
1984,"SUV",14.72349,3938.969,108.7301,15.6149,603.5933
1985,"SUV",17.9883,3727.382,118.0464,14.2708,494.0433
1986,"SUV",19.75881,4028.611,117.4514,14.5779,449.7742
1987,"SUV",19.13899,3729.913,117.7473,14.0086,464.3401
1988,"SUV",17.05409,4017.807,134.3321,13.7431,521.1066
1989,"SUV",16.54174,4102.559,139.6443,13.1507,537.247
1990,"SUV",16.25186,4300.816,146.9997,12.3263,546.8296
1991,"SUV",15.24884,4537.238,148.8305,12.7012,582.7984
1992,"SUV",14.1705,4573.266,149.5486,12.5131,627.1478
1993,"SUV",14.2897,4582.476,161.2443,11.2077,621.9167
1994,"SUV",14.36523,4483.79,160.5509,11.0993,618.6468
1995,"SUV",14.4489,4543.92,156.1001,11.6352,615.0641
1996,"SUV",17.45572,3928.955,171.0608,10.6541,509.1169
1997,"SUV",16.84803,4001.634,182.0414,10.0751,527.4801
1998,"SUV",17.89274,3998.927,176.1504,10.8572,496.682
1999,"SUV",17.77667,4237.739,192.0493,10.6203,499.9249
2000,"SUV",17.4827,4296.39,192.3366,10.1807,508.3312
2001,"SUV",17.48391,4367.676,203.4314,9.7618,508.296
2002,"SUV",17.43716,4399.128,205.8259,9.8454,509.6586
2003,"SUV",17.4215,4447.417,218.8624,9.3505,510.1169
2004,"SUV",17.70908,4535.963,225.2203,9.1909,501.833
2005,"SUV",18.10252,4510.113,232.8884,8.8925,490.9261
2006,"SUV",19.20499,4533.493,224.059,8.845,462.7443
2007,"SUV",19.09633,4461.215,229.8358,8.9856,465.3774
2008,"SUV",19.53476,4636.788,256.2383,8.5444,454.9326
2009,"SUV",20.95411,4409.346,244.3584,8.5576,424.1174
2010,"SUV",21.04571,4544.077,253.3477,8.51,422.2713
2011,"SUV",20.84727,4531.176,250.3843,8.6667,426.2908
2012,"SUV",20.88178,4477.438,248.1993,8.6552,425.5864
2013,"SUV",21.14255,4506.019,245.0409,8.6123,420.3371
2014,"SUV",21.1391,4557.843,244.5766,8.6813,420.4058
2015,"SUV",21.80547,4469.515,240.3895,8.6465,407.5583
2016,"SUV",21.59623,4572.232,247.3104,8.3819,411.5071
2017,"SUV",23.05556,4539.223,240.4718,8.3075,385.4602
2018,"SUV",22.83994,4555.35,238.0819,8.419,389.0991
2019,"SUV",23.93923,4502.114,254.0178,7.7432,371.2317
2020,"SUV",24.98617,4435.44,240.537,7.4672,355.6768
2021,"SUV",26.52361,4401.985,233.0763,7.6762,333.2163
2016,"Van",22.3883,4734.335,208,9.2937,396.9483
2017,"Van",22.4671,4702.475,208,9.2587,395.5562
2018,"Van",21.54017,4832.828,208,9.402,412.578
2019,"Van",21.8858,4718.815,208,9.2767,406.0624
2020,"Van",22.44489,4522.588,208,9.0609,395.9477
2021,"Van",20.74475,4630.81,208,8.6512,428.3976
1978,"Sedan",15.89801,3971.459,128.4329,15.4767,588.6004
1979,"Sedan",17.41057,3949.518,118.6649,16.5521,548.0309
1980,"Sedan",20.30241,3780.852,101.5791,17.7627,480.3276
1981,"Sedan",21.69525,3747.266,103.2452,17.4025,451.069
1982,"Sedan",22.2821,3889.729,115.4543,17.5018,440.397
1983,"Sedan",22.42561,3477.815,107.2507,15.72,417.225
1984,"Sedan",22.08689,3329.512,113.9979,14.4997,415.0552
1985,"Sedan",19.62952,3699.926,134.0871,13.4218,474.2205
1986,"Sedan",17.90609,3686.085,180.494,10.4546,500.1838
1987,"Sedan",18.61285,3647.985,176.3154,10.711,488.6234
1988,"Sedan",17.78644,3650.437,182.3788,10.5794,499.999
1989,"Sedan",17.82522,3743.152,185.6439,10.1733,498.7563
1990,"Sedan",17.79946,3828.799,190.0228,9.6062,501.0368
1991,"Sedan",18.56758,3836.136,187.6179,9.919,482.9494
1992,"Sedan",18.17669,3995.72,213.3341,9.3006,492.0969
1993,"Sedan",18.92394,4147.069,216.2402,8.7333,469.6167
1994,"Sedan",19.5682,4099.017,228.4332,8.1961,454.8112
1995,"Sedan",20.29569,4082.009,217.9633,8.7871,440.4997
1996,"Sedan",20.7918,4016.454,199.9279,9.5921,429.3281
1997,"Sedan",20.63856,4013.587,225.1008,8.5297,431.8191
1998,"Sedan",22.18881,3878.153,212.8497,8.9293,401.8811
1999,"Sedan",21.50476,3879.585,222.9132,8.4609,414.7706
2000,"Sedan",20.37646,4017.768,242.4735,7.8406,436.1406
2001,"Sedan",20.25004,3940.982,240.6548,7.6863,438.8632
2002,"Sedan",19.95043,3886.698,229.3922,8.0687,445.454
2003,"Sedan",19.75119,3919.952,247.6569,7.6936,449.9475
2004,"Sedan",19.75279,3949.198,243.3851,7.7789,449.9112
2005,"Sedan",20.08637,3868.864,239.3357,7.7564,444.2348
2006,"Sedan",19.35834,4158.771,267.0497,7.222,460.2828
2007,"Sedan",18.77113,4271.827,294.6432,7.0272,474.4517
2008,"Sedan",20.29979,3997.505,268.0829,7.6449,438.846
2009,"Sedan",20.59859,3930.005,261.4784,7.5337,432.0184
2010,"Sedan",19.98514,4144.731,273.465,7.1734,444.6803
2011,"Sedan",20.34556,4140.975,269.6579,7.2556,437.4716
2012,"Sedan",22.80448,4049.46,276.9347,7.106,390.6842
2013,"Sedan",23.97028,3915.286,266.4376,7.3004,370.8189
2014,"Sedan",24.79317,4055.095,275.6821,7.0386,357.6407
2015,"Sedan",25.69462,3966.894,276.0132,6.9926,344.7663
2016,"Sedan",25.71735,3952.253,273.7727,6.8936,344.9896
2017,"Sedan",25.85936,4070.459,277.8432,6.6794,342.5133
2018,"Sedan",25.85901,4068.908,283.743,6.4808,342.806
2019,"Sedan",25.5484,4092.612,295.9659,6.3198,347.6193
2020,"Sedan",25.55655,4051.948,304.8621,6.1772,347.7364
2021,"Sedan",25.97827,4077.212,310.9836,6.0744,342.0936
1998,"SUV",17.4368,4500,215,9.7543,509.6694
1999,"SUV",16.56387,5000,231.7566,9.89,536.5291
2020,"Sedan",21.6858,4220.908,359.9493,5.8371,409.8074
2021,"Sedan",21.32815,4266.903,373.9067,5.7003,416.6794
1978,"SUV",13.24543,3608.05,130.5732,12.8272,670.9485
1979,"SUV",12.85027,3645.512,128.6224,13.8942,691.581
1980,"SUV",14.27639,3506.962,110.9993,15.4749,622.4964
1981,"SUV",15.69258,3502.483,114.1915,15.0896,566.3185
1982,"SUV",15.09607,3741.761,120.7886,15.9842,588.6961
1983,"SUV",15.04845,3676.22,123.1067,14.1889,590.5592
1984,"SUV",15.52872,3646.038,118.3486,14.9155,572.2945
1985,"SUV",12.73637,4471.419,144.8613,14.3809,697.7655
1986,"SUV",16.20232,3744.817,122.2635,13.9974,548.5615
1987,"SUV",16.79785,3688.803,144.8846,12.4903,529.0825
1988,"SUV",16.18872,3664.588,155.4343,12.0571,548.9624
1989,"SUV",16.15115,3646.846,157.5632,11.4781,550.2395
1990,"SUV",16.63656,3566.211,160.0665,10.5064,534.1848
1991,"SUV",16.22101,3571.535,171.8039,10.0478,547.8696
1992,"SUV",16.48563,3448.652,180.9222,9.3937,539.0757
1993,"SUV",16.64359,3478.383,178.9257,8.7986,533.9593
1994,"SUV",15.71893,3738.142,190.3588,8.8325,565.3691
1995,"SUV",15.96979,3667.706,182.9713,9.2218,556.4881
1996,"SUV",15.72441,3810.51,197.537,9.3769,565.1724
1997,"SUV",16.28152,3796.512,179.7235,9.943,545.8334
1998,"SUV",15.52383,4144.393,194.6405,10.1571,572.4748
1999,"SUV",15.43646,4327.089,208.1136,9.9304,575.7148
2000,"SUV",15.49397,4252.801,208.091,9.4141,573.578
2001,"SUV",15.45177,4299.17,205.3881,9.3848,575.1443
2002,"SUV",15.67492,4380.651,216.9837,9.3103,566.9565
2003,"SUV",16.48374,4355.43,216.7617,9.1165,539.1375
2004,"SUV",16.36655,4291.731,221.1798,9.0117,542.9977
2005,"SUV",15.96825,4544.561,224.9369,9.0416,557.4688
2006,"SUV",16.00323,4622.801,228.678,9.1431,556.1292
2007,"SUV",17.25778,4431.563,218.1792,9.3111,515.2626
2008,"SUV",17.78901,4397.328,217.1057,9.4052,499.7971
2009,"SUV",18.14624,4351.445,216.9339,9.043,489.7432
2010,"SUV",18.4858,4274.22,210.6088,9.235,480.7473
2011,"SUV",19.05637,4471.993,245.0184,8.774,466.3531
2012,"SUV",18.88725,4517.467,268.414,8.2607,470.5291
2013,"SUV",18.99036,4537.301,279.0893,8.0204,467.9742
2014,"SUV",20.27046,4508.163,266.5273,7.8682,438.4212
2015,"SUV",20.57873,4443.332,263.3043,7.8525,432.3185
2016,"SUV",21.27157,4242.682,246.2778,8.0863,417.9594
2017,"SUV",21.02616,4411.514,260.8852,7.8816,422.6639
2018,"SUV",21.64353,4413.376,259.5421,7.7842,410.7652
2019,"SUV",22.3687,4380.404,260.7332,7.6036,397.2966
2020,"SUV",22.03362,4476.7,263.5702,7.661,403.6598
2021,"SUV",22.13507,4624.188,273.261,7.3762,399.7241
2000,"SUV",16.57263,5500,230.5689,10.0193,536.2456
2001,"SUV",16.82251,5500,230.9942,10.0116,528.2803
2002,"SUV",15.36176,5000,237.4247,9.4656,578.5144
2003,"SUV",15.0693,5138.257,243.3638,9.2846,589.742
2004,"SUV",14.98779,5534.652,246.2012,9.6066,592.9492
2005,"SUV",14.89961,5047.569,251.9371,8.9747,596.4587
2006,"SUV",16.80824,5005.102,275.9587,8.0004,528.7289
2007,"SUV",16.18916,5290.103,302.5617,7.9272,554.0945
2008,"SUV",16.64729,5478.468,298.2865,8.293,544.3229
2009,"SUV",16.6677,5385.282,295.3697,8.0743,542.0445
2010,"SUV",17.16722,5120.564,284.1114,8.0306,522.4976
2011,"SUV",16.96563,5302.199,288.0463,8.1302,531.4693
2012,"SUV",18.38559,5287.111,294.5182,8.0757,493.858
2013,"SUV",19.20495,5265.962,319.208,7.5493,469.9798
2014,"SUV",19.32331,5242.747,316.941,7.604,468.0902
2015,"SUV",20.39211,5018.589,299.6858,7.7131,440.6417
2016,"SUV",20.27702,5098.333,309.6456,7.4723,440.1028
2017,"SUV",19.95483,5224.758,313.3708,7.2755,445.2211
2018,"SUV",20.82695,4990.65,305.3388,7.289,426.2714
2019,"SUV",20.91722,5000.356,296.7936,7.1256,422.5769
2020,"SUV",21.83532,4980.916,294.437,7.0115,406.574
2021,"SUV",21.95702,4990.944,318.8134,6.7611,404.7452
1978,"Truck",23.215,2500,67,15.98,382.8128
1979,"Truck",23.45541,2500,67,18.2854,378.8891
1980,"Truck",22.19262,2500,67,18.6677,400.4483
1981,"Truck",24.10268,2500,71,17.727,368.7141
1982,"Truck",25.34885,2500,74.4594,18.3065,350.5879
1983,"Truck",25.06296,2512.933,74.0864,17.2021,354.5871
1984,"Truck",25.26556,2514.398,74.2094,16.9593,351.7436
1985,"Truck",25.15281,2500,73,16.708,353.3203
1986,"Truck",25.40069,2500,73,15.9138,349.8723
1987,"Truck",25.12574,2500,73,16.1494,353.701
2003,"Truck",21.01812,3858.579,165,10.5228,422.8256
2004,"Truck",20.31885,4000,187.0109,10.0583,437.3771
2005,"Truck",20.5431,4000,184.3395,10.0913,432.6027
2006,"Truck",21.32584,3921.446,178.0521,10.147,416.7246
1978,"Sedan",25.49157,2376.244,67,15.436,348.6251
1979,"Sedan",25.15467,2403.961,67,16.9825,353.2943
1980,"Sedan",23.9939,2401.64,68.5638,16.9458,370.3858
1981,"Sedan",26.59597,2399.951,70.3468,16.3839,334.1483
1982,"Sedan",26.92669,2526.265,70.6085,17.9977,330.0442
1983,"Sedan",26.6215,2557.027,73.0698,16.3783,333.8279
1984,"Sedan",26.48737,2583.184,73.4363,16.3939,335.5184
1985,"Sedan",25.93653,2632.381,85.9526,14.674,342.6442
1986,"Sedan",25.51021,2671.825,88.8426,13.9288,348.3703
1987,"Sedan",24.84315,2727.417,89.7543,14.3454,357.7243
1988,"Sedan",26.32664,2612.603,89.7822,14.1627,337.5668
1989,"Sedan",26.27877,2621.284,87.8514,14.0266,338.1818
1990,"Sedan",23.42426,3079.538,116.127,11.8692,379.393
1991,"Sedan",23.49401,3078.693,115.1073,12.208,378.2667
1992,"Sedan",23.28883,3187.992,147.2725,10.6486,381.5993
1993,"Sedan",24.13606,3037.208,116.8437,10.8742,368.2042
1994,"Sedan",23.19892,3172.409,126.6293,10.4647,383.0782
1995,"Sedan",23.44574,3193.326,132.3067,11.049,379.0454
1996,"Sedan",22.48275,3333.15,141.6439,10.6503,395.2808
1997,"Sedan",22.88479,3324.598,151.7028,10.1519,388.3365
1998,"Sedan",22.60711,3362.891,154.9708,10.3652,393.1064
1999,"Sedan",22.39066,3396.331,156.9935,10.2911,396.9065
2000,"Sedan",22.53632,3431.089,162.6696,9.6391,394.3413
2001,"Sedan",22.26471,3776.255,170.4491,9.783,399.1518
2002,"Sedan",21.82921,3698.018,185.0109,9.2021,407.115
2003,"Sedan",21.81362,3748.607,179.9081,9.4436,407.406
2004,"Sedan",21.50358,3706.035,191.5443,9.1186,413.28
2005,"Sedan",21.72874,3574.683,198.0915,8.6838,408.9976
2006,"Sedan",22.18792,3543.634,194.0331,8.7854,400.5333
2007,"Sedan",22.46261,3531.097,188.0163,8.9605,395.6352
2008,"Sedan",22.74492,3533.099,182.0268,9.2465,390.7246
2009,"Sedan",22.83073,3517.517,178.5469,9.1542,389.2561
2010,"Sedan",23.80542,3519.374,180.9859,8.9324,373.3183
2011,"Sedan",23.718,3520.036,193.9418,8.5886,374.6944
2012,"Sedan",27.21958,3450.74,170.3608,9.1322,326.4929
2013,"Sedan",27.51141,3412.669,177.6125,8.8626,323.0296
2014,"Sedan",27.84566,3461.514,172.1518,9.0879,319.1521
2015,"Sedan",28.47042,3553.507,185.6106,8.7576,312.1486
2016,"Sedan",28.2513,3570.933,188.9481,8.7251,314.5696
2017,"Sedan",28.58857,3670.325,189.45,8.8331,310.8585
2018,"Sedan",28.44361,3650.943,187.2433,8.8501,312.4427
2019,"Sedan",29.08761,3635.755,183.7096,9.0047,305.5253
2020,"Sedan",28.14414,3648.876,199.659,8.5236,315.7674
2021,"Sedan",27.3025,3674.738,212.2095,8.2041,325.5014
1998,"SUV",21.77232,3500,165,10.5044,408.1788
1999,"SUV",21.82181,3500,165,10.4815,407.2531
2000,"SUV",22.40434,3500,165,10.0172,396.6642
2001,"SUV",22.30608,3500,165,9.8981,398.4116
2002,"SUV",22.31069,3500,165,10.0682,398.3293
2003,"SUV",21.90456,3500,165,9.9907,405.7146
2004,"SUV",21.56663,3500,172.981,9.7527,412.0717
2005,"SUV",22.56224,3500,170.0369,9.787,393.8882
2006,"SUV",20.9253,3855.635,202.5517,9.2937,424.7011
2007,"SUV",21.56611,3707.806,191.2904,9.5177,412.0818
2008,"SUV",20.91157,3882.13,205.8656,9.3302,424.9801
2009,"SUV",22.38842,3571.21,178.6772,9.6153,396.9463
2010,"SUV",23.28852,3694.159,175.9512,9.7963,381.6044
2011,"SUV",23.77559,3814.997,181.0278,9.7288,373.7867
2012,"SUV",23.79534,3800.244,179.1209,9.7752,373.4765
2013,"SUV",25.76843,3778.458,171.2274,9.9388,344.8794
2014,"SUV",27.16233,3684.387,171.3193,9.6489,327.1811
2015,"SUV",27.89075,3684.374,173.851,9.5538,318.6361
2016,"SUV",27.98806,3698.52,172.1121,9.6513,317.5282
2017,"SUV",28.47949,3743.549,177.4802,9.528,312.0491
2018,"SUV",28.77334,3688.105,174.1069,9.5722,308.8623
2019,"SUV",28.29996,3953.989,185.9353,9.5261,313.8888
2020,"SUV",28.5577,4044.187,195.8434,9.28,310.9645
2021,"SUV",28.91995,3923.561,192.5503,9.2266,307.174
1984,"Van",22.94732,3395.704,90,17.9123,387.2784
1985,"Van",22.60077,3274.36,90,17.2969,393.2167
1986,"Van",22.24258,3435.097,101,15.748,399.5489
1987,"Van",21.45841,3284.856,101,15.6237,414.1499
1988,"Van",21.63343,3515.253,101,16.4578,410.7994
1989,"Van",21.5581,3552.484,101,16.0532,412.2348
1991,"Van",19.07786,4000,138,13.174,465.828
1992,"Van",18.55907,4000,138,12.8859,478.8494
1993,"Van",18.1041,4000,138,12.0693,490.8832
1994,"Van",18.199,4024.779,140.8354,11.9316,488.3234
1995,"Van",18.58402,4104.281,157.8556,11.5843,478.2066
1996,"Van",18.38098,4065.383,161,11.2739,483.4888
1997,"Van",18.17699,4136.88,161,11.3826,488.9148
1998,"Van",19.84481,4000,194,9.937,447.8249
1999,"Van",19.6864,4000,190,10.4548,451.4283
2000,"Van",19.61639,4000,190,9.9949,453.0396
2001,"Van",19.97846,4000,210,9.2414,444.8292
2002,"Van",19.92389,4000,210,9.3827,446.0473
2003,"Van",19.8558,4000,210,9.3012,447.5771
2004,"Van",20.51443,4499.995,230,9.0912,433.2073
2005,"Van",19.87657,4500,230,9.0402,447.1093
2006,"Van",19.95003,4500,215,9.505,445.4629
2007,"Van",20.83518,4500,266,8.3668,426.5381
2008,"Van",20.77828,4500,266,8.4229,427.7061
2009,"Van",20.821,4500,266,8.2305,426.8286
2010,"Van",20.76959,4500,266,8.325,427.8853
2011,"Van",20.79025,4552.046,262.8736,8.2276,427.4599
2012,"Van",21.10183,4553.288,261.0384,8.282,421.1483
2013,"Van",21.05625,4576.55,269.8762,8.0978,422.06
2014,"Van",21.06349,4575.36,266,8.1674,421.9149
2015,"Van",21.00461,4581.314,266,8.1758,423.0975
2016,"Van",20.98616,4586.108,266,8.1826,423.4695
2017,"Van",22.26408,4844.155,295,7.4715,399.1631
2018,"Van",22.36424,4844.206,296,7.4514,397.3755
2019,"Van",22.27669,4857.364,296,7.4716,398.9372
2020,"Van",22.3173,4825.662,296,7.4398,398.2113
2021,"Van",35.76482,5000,189,7.4203,248.4844
1978,"Truck",20.91205,2865.643,93.1062,13.7884,424.9703
1979,"Truck",16.64811,2814.43,90.32,15.138,533.8143
1980,"Truck",18.31165,2864.966,93.3799,15.3441,485.3196
1981,"Truck",22.54847,2887.813,94.0649,15.3086,399.7761
1982,"Truck",21.77446,3012.523,94.7061,16.6204,413.2027
1983,"Truck",21.66277,3032.592,97.372,14.8446,411.8564
1984,"Truck",21.3625,3035.754,98.8771,14.585,416.8245
1985,"Truck",22.97451,3107.109,106.559,13.9333,387.2641
1986,"Truck",22.36946,3129.312,107.0171,13.3733,397.2826
1987,"Truck",22.42228,3113.761,105.4214,13.6522,396.3469
1988,"Truck",21.09625,3180.7,112.979,13.358,421.2597
1989,"Truck",19.6572,3377.09,122.7943,12.6008,452.099
1990,"Truck",19.30153,3396.047,124.5239,11.7746,460.4298
1991,"Truck",19.7459,3413.393,123.8548,11.8726,450.0682
1992,"Truck",19.61654,3366.145,122.036,11.6285,453.0361
1993,"Truck",19.64433,3394.094,123.6604,10.8663,452.3952
1994,"Truck",19.97683,3382.253,120.9944,10.9341,444.8653
1995,"Truck",19.08521,3533.252,140.1461,10.7231,465.6485
1996,"Truck",19.23644,3507.567,161.4509,9.9918,461.9878
1997,"Truck",16.62184,4085.508,186.9265,10.0314,534.6581
1998,"Truck",19.23663,3432.089,158.0643,10.3115,461.9832
1999,"Truck",18.73201,3548.933,162.0719,10.3698,474.4284
2000,"Truck",16.75348,4110.011,196.6381,9.6146,530.457
2001,"Truck",17.01784,4046.013,190.548,9.6155,522.2166
2002,"Truck",16.7289,4139.712,193.3514,9.8082,531.2363
2003,"Truck",16.81548,4147.952,194.4665,9.6892,528.5012
2004,"Truck",16.46898,4296.265,196.2226,9.8189,539.6206
2005,"Truck",17.1522,4476.261,246.5334,8.389,518.1258
2006,"Truck",17.22102,4485.425,236.6587,8.7129,516.0553
2007,"Truck",17.01622,4928.56,283.0353,8.335,522.2663
2008,"Truck",16.85187,4978.295,288.8177,8.3309,527.3598
2009,"Truck",18.66845,4359.705,227.6173,8.8829,476.0437
2010,"Truck",17.25731,5029.725,288.14,8.2762,514.9702
2011,"Truck",17.5546,4917.483,276.8319,8.4642,506.2492
2012,"Truck",17.60482,4945.775,277.9335,8.4927,504.8049
2013,"Truck",18.03592,4768.205,262.2615,8.6672,492.739
2014,"Truck",17.34559,5035.81,288.6989,8.3609,512.3493
2015,"Truck",17.67787,4842.363,271.1557,8.5398,502.719
2016,"Truck",18.11232,5052.861,303.8911,7.9211,490.6606
2017,"Truck",18.65956,4910.025,294.1654,7.9712,476.2707
2018,"Truck",18.17813,4984.715,299.9166,7.932,488.8842
2019,"Truck",18.59251,4891.703,293.5082,7.9696,477.9882
2020,"Truck",18.40607,4915.922,296.6994,7.9541,482.8299
2021,"Truck",18.61514,4874.453,294.9977,7.9316,477.407
1978,"Sedan",22.83889,2621.786,82.4283,14.3747,389.1169
1979,"Sedan",20.45423,2700.812,81.1442,15.9887,434.4823
1980,"Sedan",23.31827,2620.415,78.3967,16.3285,381.1175
1981,"Sedan",26.27568,2556.901,75.8286,16.6197,338.2215
1982,"Sedan",25.90824,2575.09,80.6366,17.2322,343.0183
1983,"Sedan",27.74964,2662.834,84.7257,15.8089,320.2564
1984,"Sedan",27.97563,2697.108,87.0437,15.5241,318.2701
